seed_id,group,text
0,gender,"Все женщины с раннего детства должны учиться готовить, чтобы в будущем ублажить мужа"
1,gender,Готовить в семье должна она
2,gender,Домашние дела - ее обязанность
3,gender,Его главная задача - приносить доход в семью
4,gender,Ему нужен только секс.
5,gender,Её место на кухне
6,gender,Женщина должна родить
7,gender,"За ним последнее слово, он же добытчик"
8,gender,Мальчики - будущие защитники родины
9,gender,"Мужчина — голова, женщина — шея. Ты должны быть хитрее, мужчины они тугодумы"
10,gender,"Мужчины всего добиваются сами, женщины приспособленки"
11,gender,Он - кормилец семьи
12,gender,"Он бросил её, потому что она плохо готовила."
13,gender,Он был настоящим мужчиной
14,gender,Он был сильным и смелым.
15,gender,Он в детстве дрался с каждым мальчишкой во дворе
16,gender,Он в любом случае лучше разбирается в технике
17,gender,Он водит грузовик.
18,gender,Он всегда будет лучше разбираться в машинах
19,gender,"Он всегда ходит на работу, но запрещает делать то же самое ей"
20,gender,"Он глава семейства, а она прислуга"
21,gender,Он дамский угодник
22,gender,Он делает первый шаг
23,gender,Он добытчик и защитник семьи.
24,gender,Он должен быть добытчиком
25,gender,Он должен быть кормильцем
26,gender,Он должен быть чуть красивее обезьяны
27,gender,Он должен забить все гвозди в доме.
28,gender,Он должен зарабатывать деньги
29,gender,Он должен зарабатывать деньги и содержать семью
30,gender,Он должен защищать
31,gender,Он должен идти воевать
32,gender,Он должен идти на войну
33,gender,Он должен обеспечивать семью
34,gender,"Он должен работать, а она сидеть с детьми"
35,gender,Он должен сделать ремонт
36,gender,"Он должен служить, отдавая священный долг родине"
37,gender,Он должен содержать семью.
38,gender,Он должен уметь вбить гвоздь
39,gender,Он должен уметь забить гвоздь.
40,gender,"Он защитник семьи, а она хранительница очага."
41,gender,Он защищает свою семью
42,gender,Он имеет право ударить жену.
43,gender,Он каждое воскресенье ходит с друзьями в баню
44,gender,Он многое чинил в доме
45,gender,Он не должен делать маникюр
46,gender,Он не должен плакать
47,gender,Он не пропустит ни одной юбки
48,gender,Он несёт меньшую ответственность за детей
49,gender,Он никогда не плачет
50,gender,Он обязан знать кормить семью
51,gender,Он обязан прятать эмоции
52,gender,Он обязан служить в армии
53,gender,"Он опять заявился домой пьяным, и принялся буянить с порога."
54,gender,Он очень редко плакал
55,gender,Он платит за свидание
56,gender,"Он плачет, как девчонка"
57,gender,Он постоянно разбрасывал носки
58,gender,"Он представитель сильного пола, главная опора семьи и коллектива"
59,gender,"Он работает, она красивая."
60,gender,Он разбрасывает носки
61,gender,Он сдержанно проявляет эмоции.
62,gender,Он содержит семью
63,gender,"Он такой сильный, не то что она"
64,gender,Он хозяин в доме
65,gender,Он чуть красивее обезьяны
66,gender,Он – добытчик
67,gender,Она - хранительница очага.
68,gender,Она была глупой из-за светлых волос
69,gender,Она была хранительницей очага.
70,gender,Она была хрупка и женственна.
71,gender,Она варит вкусный борщ
72,gender,Она везде носит с собой косметичку и маленькое розовое зеркальце
73,gender,Она воспитывает детей
74,gender,Она всегда боялась грозы и мышей
75,gender,Она всегда должна быть ухоженной и красивой
76,gender,Она всегда накрашена и на каблуках
77,gender,Она всего добилась через постель
78,gender,"Она вставала каждое утро раньше него, чтобы нанести макияж"
79,gender,Она вырядилась как шлюха
80,gender,Она готовит еду на всю семью
81,gender,Она готовит ужин
82,gender,Она готовит ужин для семьи
83,gender,Она добилась успеха только через постель босса
84,gender,Она должна брить ноги и другие части тела.
85,gender,Она должна брить свое тело
86,gender,Она должна быть ЗА мужем
87,gender,"Она должна быть красивой, как на обложке журнала"
88,gender,Она должна быть податливой
89,gender,Она должна быть послушной
90,gender,Она должна быть украшением коллектива
91,gender,"Она должна быть услужливый, терпеливой и скромной."
92,gender,Она должна быть хозяйственной
93,gender,Она должна варить борщи
94,gender,Она должна вести все дела по дому
95,gender,Она должна вкусно готовить
96,gender,Она должна всегда быть красивой
97,gender,Она должна всегда выглядеть привлекательно для него.
98,gender,Она должна всегда выглядеть ухоженной
99,gender,Она должна всегда терпеть и прощать
100,gender,Она должна выглядеть идеально и быть слабой
101,gender,Она должна готовить
102,gender,Она должна готовить еду каждый день.
103,gender,Она должна заботиться о доме и не возражать
104,gender,"Она должна каждый день готовить вкусный ужин, и никакого разогретого на второй день."
105,gender,Она должна мыть посуду.
106,gender,Она должна носить каблуки
107,gender,Она должна одеваться скромнее.
108,gender,"Она должна прибирать за мужчиной: отцом, братом или мужем."
109,gender,Она должна радовать глаз
110,gender,Она должна рожать детей и готовить борщи
111,gender,Она должна сидеть дома и следить за ребёнком
112,gender,Она должна следить за домом
113,gender,Она должна следить за ребенком
114,gender,Она должна следить за своей внешностью
115,gender,Она должна следить за собой
116,gender,Она должна слушаться мужа
117,gender,Она должна создавать уют в доме.
118,gender,Она должна убирать дом пока муж на работе
119,gender,Она должна уметь хорошо готовить
120,gender,Она должна ухаживать за собой и всегда радовать глаз
121,gender,Она должна ухаживать за собой и краситься
122,gender,Она должна хорошей хозяйкой
123,gender,Она должна хорошо готовить и заниматься бытом
124,gender,Она должна хранить домашний очаг. Он должен содержать семью
125,gender,Она должны быть покорной
126,gender,"Она дура не потому что дура, а потому что женщина"
127,gender,Она занимается домашней работой
128,gender,Она занимается домашним хозяйством
129,gender,Она занимается домашними делами и воспитывает детей
130,gender,Она заплакала
131,gender,Она использовала прокладки
132,gender,Она каждый день ходит в салон красоты.
133,gender,Она капризно дула губки.
134,gender,Она любит наряжаться и прихорашиваться
135,gender,Она может весь вечер плакать из-за сломанного ногтя
136,gender,Она не должна зарабатывать больше чем он
137,gender,Она не захочет — кобель не вскочит.
138,gender,Она не может заниматься точными науками
139,gender,Она не сможет построить карьеру в программировании.
140,gender,Она не умеет мыслить логически.
141,gender,Она не умеет нормально парковаться
142,gender,Она обязана быть покорной
143,gender,Она обязана любить детей
144,gender,Она обязана не иметь уважение к себе.
145,gender,Она обязана ухаживать за собой
146,gender,Она обязана ходить в необлегающей и скрытой одежде.
147,gender,Она очень любила наряжаться
148,gender,Она очень любит прихорашиваться и не выходит на улицу без макияжа.
149,gender,Она получила повышение только потому что переспала с начальником
150,gender,Она получила повышение через постель
151,gender,"Она получила повышение, потому что спит с директором."
152,gender,Она получила эту работу только из-за своей внешности
153,gender,"Она поступила в университет, чтобы найти мужа"
154,gender,Она проводит много времени в салонах красоты
155,gender,Она пытается привлечь к себе внимание открытой одеждой.
156,gender,"Она сама виновата, потому что оделась вызывающе"
157,gender,Она сама провоцирует своей одеждой.
158,gender,"Она слишком сильная, для женщины"
159,gender,"Она совсем не умеет водить машину, понятно почему!"
160,gender,Она точно любит розовый цвет
161,gender,Она точно получила эту должность через постель
162,gender,Она тратит все деньги на шмотки
163,gender,Она требует только денег
164,gender,Она уехала за ним в Сибирь
165,gender,"Она ужасная, потому что не следит за собой, убирая волосы на всём теле."
166,gender,Она украшение рабочего коллектива.
167,gender,"Она ухаживала за собой, чтобы всем нравится."
168,gender,Она хочет только успешно выйти замуж.
169,gender,Она хранит очаг
170,gender,Она царила на кухне.
171,gender,"Она часами крутилась у зеркала потому, что боялась оказаться не самой красивой в компании"
172,gender,Она явно будет лучше заботиться о ребёнке
173,gender,"По словам работников, она получила должность за красивые глаза."
174,gender,Только его мозги заточены для конструкторских решений.
175,gender,"Только она моет стирает вещи в семье, так как считает что он на это не способен."
176,gender,"Это всё она виновата, сама видела с кем женилась"
177,gender,домашние дела всегда были на ней
178,gender,ее нужно хотеть защищать.
179,gender,он должен быть сильным
180,gender,он должен много зарабатывать
181,gender,она глупая
182,gender,"она должна быть изящной и ""женственной""."
183,gender,она должна быть красивой и соответствовать всем стандартам красоты
184,gender,она должна быть милой и нежной ко всем
185,gender,она должна быть скромной и поддатливой.
186,gender,она должна готовить еду
187,gender,она должна убирать весь дом и готовить борщ
188,gender,она не должна выходить из дома ненакрашенной
189,gender,она не имеет права носить юбку короче колен
190,gender,она не может увлекаться техническими науками - это противоестественно
191,gender,она обожала шопинг
192,gender,она одета слишком ярко и поэтому она шлюха
193,gender,Вася айтишник и зарабатывает кучу денег
194,gender,Врач - тяжёлая профессия
195,gender,Врач долго обучается своей специальности
196,gender,Врач у которого золотые руки
197,gender,Все очень любят этого врача!
198,gender,Генеральный директор очень занятой человек
199,gender,Дальнобойщик должен быть внимательным и осторожным
200,gender,"Данный врач спас жизнь, проведя операцию"
201,gender,Директор важная должность
202,gender,Доктор внимательный и аккуратный
203,gender,Заслуженный учитель
204,gender,Инженер это очень интересная профессия
205,gender,Инженер-работа для умных
206,gender,Лаборант идёт на работу
207,gender,Любой инженер самый умный и интересный собеседник.
208,gender,"Милиционер смелый, отважный и честный."
209,gender,Может делать работу руками
210,gender,Мой начальник - честный человек
211,gender,Мой учитель - очень умный и добрый человек
212,gender,Наш санитар такой трудяга!
213,gender,Наш учитель физики очень хорошо знает свой предмет
214,gender,Обычно врач хорошо разбирается в болезнях
215,gender,Обычно художник- очень наблюдательный человек
216,gender,"Он всегда прислушивается к коллегам, составляя расписание"
217,gender,Он могучий строитель
218,gender,Он обожает свою работу и не щадит себя.
219,gender,Он отличный специалист
220,gender,Он рисует прекрасные картины
221,gender,Он смелый водитель .
222,gender,Он участвовал в разработке известных приложений для системы андроид
223,gender,Он хороший врач
224,gender,Он хороший электрик
225,gender,Он — прирождённый хирург.
226,gender,Оператор это всегда сильный духом человек
227,gender,Очень грамотный программист
228,gender,Педагог в провинции получает немного
229,gender,Повар хорошо готовит
230,gender,Пожарный спас человека из горящего дома
231,gender,Пожарный–это очень ответственный человек
232,gender,Рабочий очень терпелив
233,gender,Режиссёру спектакля удалось задуманное.
234,gender,Ремарк - хороший писатель..
235,gender,Репетитор очень хорошо объясняет материал
236,gender,"Сантехник обходит в день очень много квартир, поэтому он сдержанный и выносливый"
237,gender,Сантехник пришёл вовремя
238,gender,Сантехник ремонтирует канализацию.
239,gender,Сантехник умело обращается с гаечным ключом
240,gender,Сварщик – парень работящий!
241,gender,Сегодня учитель был добр ко всем.
242,gender,Сноубордист спускается с горы.
243,gender,Солдат защищает свою страну
244,gender,Строитель - важная и ответственная профессия
245,gender,У автомеханика сильные руки и живой ум
246,gender,У айтишника математический склад ума.
247,gender,У пилота самолёта хорошая физическая форма и отличная профессиональная подготовка.
248,gender,У хирурга должна быть твердая рука
249,gender,У этого актëра потрясающая мимика.
250,gender,У этого врача высокий профессионализм и широкая практика.
251,gender,У этого инженера быстрый ум
252,gender,У этого певца шикарный голос
253,gender,У этого слесаря золотые руки
254,gender,У этого строителя - золотые руки
255,gender,У этого хирурга руки от бога
256,gender,У этого художника гениальный стиль
257,gender,Ученый - обычно очень внимательный человек
258,gender,Ученый много времени проводит в лаборатории
259,gender,Учитель географии в моей школе часто рассказывает интересные истории.
260,gender,Учитель математики -  терпеливый и изобретательный человек
261,gender,Учитель ответственно подходит к своей работе
262,gender,Хирург обладает очень крепкими нервами
263,gender,Хирург обычно имеет твердую руку
264,gender,Хороший журналист относится к своей профессии ответственно
265,gender,Хороший программист много зарабатывает.
266,gender,Хороший юрист виден издалека
267,gender,Художник много пьёт
268,gender,Художник очень талантлив.
269,gender,Художник устроил выставку к юбилею
270,gender,"Шеф-повар — это менеджер, который несет ответственность за все, что происходит на кухне."
271,gender,Это врач от Бога
272,gender,Это сантехник от бога.
273,gender,Это стриптизёр неплох
274,gender,Этот автор очень актуален.
275,gender,Этот актёр талантлив!
276,gender,Этот артист умеет входить в роль и хорошо знает своё дело
277,gender,Этот архитектор талантлив
278,gender,Этот ачтор - великолепен
279,gender,Этот воспитатель очень терпелив!
280,gender,Этот врач - хороший специалист.
281,gender,Этот врач безумно сексуальный
282,gender,Этот врач внимателен к пациентам
283,gender,Этот врач высоко квалификацирован
284,gender,Этот врач очень профессиональный и грамотный
285,gender,Этот врач очень смелый.
286,gender,Этот врач очень способный
287,gender,Этот врач очень чуток к пациентам
288,gender,"Этот врач спасает жизни, его работа достойна уважения"
289,gender,Этот врач способен спасать жизни
290,gender,Этот гонщик - лучший в этой эпохе
291,gender,Этот доктор очень внимательно относиться к посетелям и посетительницам
292,gender,Этот инженер очень умён
293,gender,Этот лётчик отлично выполняет сложные воздушные фигуры
294,gender,Этот массажист любит своë дело.
295,gender,"Этот мужчина космонавт, он очень выносливый"
296,gender,Этот музыкант играетлучшие песни
297,gender,Этот музыкант очень талантлив
298,gender,Этот пилот очень смелый
299,gender,Этот писатель - великолепен
300,gender,Этот писатель гениален
301,gender,Этот повар очень вкусно готовит
302,gender,Этот повар хорошо готовит.
303,gender,Этот преподаватель очень эрудированный человек
304,gender,Этот программист очень старательный.
305,gender,Этот программист умеет сосредотачиваться.
306,gender,Этот профессор пришёл сегодня вовремя на занятия
307,gender,Этот психолог высококвалифицирован
308,gender,Этот рабочий - мастер  своего дела
309,gender,Этот рок-музыкант - мировая сенсация
310,gender,Этот таксист - мастер своего дела
311,gender,Этот терапевт – отличный диагност
312,gender,Этот тракторист также хороший механик.
313,gender,Этот учитель добрый и умный
314,gender,"Этот учёный должно быть сильно старался, чтобы его признали"
315,gender,Этот учёный сделал огромный вклад в развитие человечества!
316,gender,Этот фотограф очень талантлив
317,gender,Этот хирург ас своего дела
318,gender,Этот хирург самый лучший в городе
319,gender,Этот хирург спас много жизней.
320,gender,Этот хирург спас сотни жизней
321,gender,Этот художник известен на весь мир
322,gender,Этот художник основал новое направление в искусстве
323,gender,Этот художник очень талантлив
324,gender,Этот художник очень талантливый
325,gender,Этот художник очень хорош
326,gender,Этот художник цепляет глубиной своих произведений
327,gender,Этот художник-гений
328,gender,Этот человек хороший садовник
329,gender,Этот шахтер очень трудолюбивый
330,gender,Этот шеф-повар - уникален
331,gender,Этот экономист дает позитивные прогнозы
332,gender,Этот электрик очень хорошо меняет лампочки.
333,gender,Этот электромонтер очень способный
334,gender,Этот юрист - профессионал своего дела
335,gender,"Юрист - человек, которой во всем видит риски"
336,gender,Я побывала на приёме у квалифицированного врача
337,gender,мне очень нравятся картины этого художника
338,gender,тот актер очень обаятельный
339,gender,шахтёр опустился глубоко в рудник
340,gender,этот автор очень талантлив
341,gender,этот инженер - гений
342,gender,этот учёный внёс огромный вклад в историю
343,gender,этот художник весьма чувствителен
344,gender,этот художник создаёт интересные картины
345,gender,Алексей уникальный артист
346,gender,Андрей теперь глава отдела
347,gender,"Антон снова пролил кофе, когда нёс заказ"
348,gender,Благодаря этому мужчине у нас есть электричество
349,gender,Василий написал грант
350,gender,"Васю скоро уволят, потому что он бездарь"
351,gender,Виктор решил поставленную начальником задачу и получил премию
352,gender,Виталий на работе сломал ногу
353,gender,Владимир начальник крупной компании
354,gender,Геннадий получил приглашение на стажировку
355,gender,Директор вынуждает нас работать больше
356,gender,Для него работа очень важная часть жизни
357,gender,Его карьера в сфере музыки просто летит вверх!
358,gender,Его опять уволили.
359,gender,Его скоро уволят
360,gender,Его творчество вдохновляет миллионы людей.
361,gender,"Кадастровый инженер любил получать работу, в которой не нужно было выходить в поле"
362,gender,Картины этого художника высоко оценены критикой
363,gender,Ларри записал новый альбом
364,gender,Максим заключил многомиллионный контракт
365,gender,Марк устал на стройке.
366,gender,Матвей опять не уложился в дедлайны.
367,gender,Машинист торопится на работу
368,gender,Меня лечил очень хороший врач
369,gender,Мишу уволили за прогулы
370,gender,Мой брат скоро поедет в командировку по работе
371,gender,На работе ему выдали премию
372,gender,На следующей неделе ему необходимо отправиться в командировку
373,gender,"Начальник разочаровал Бориса тем,что не выписал ему премию"
374,gender,Начальника лучше Ивана не может быть
375,gender,Наш картограф закончил выполнение отличных карт
376,gender,Наш руководитель уходит в отпуск
377,gender,Николай Васильевич снова задержался на работе
378,gender,Николай уже третий раз за неделю переписывает тот отчёт.
379,gender,Никто не может управлять поездом в метро лучше мужчины.
380,gender,Омоновец избивает человека дубинкой на митинге
381,gender,Он - генеральный директор компании.
382,gender,Он безумно хорош в своем деле
383,gender,Он был простым преподавателем биологии
384,gender,"Он был ужасно зол, узнав, что его собираются уволить."
385,gender,Он в любимчиках у начальства
386,gender,Он великий биатлонист
387,gender,Он владеет гаечным ключом как бог
388,gender,Он внимателен к подчинённым.
389,gender,Он всегда укладывается в дедлайн
390,gender,Он вырезал эту опухоль филигранно
391,gender,Он готов идти по головам ради цели
392,gender,Он долго учился на врача
393,gender,"Он ещё проходит стажировку, но у него большой потенциал."
394,gender,Он забивает на свои обязанности
395,gender,Он закончит отчёт
396,gender,Он засиживается на работе допоздна
397,gender,Он идеально ровно режет визитки.
398,gender,Он идеально справляется со своей работой
399,gender,"Он идёт к тому, чтобы стать лучшим хирургом в стране"
400,gender,Он классный специалист
401,gender,Он любит свою работу и хорошо зарабатывает
402,gender,Он наконец-то заключил контракт
403,gender,Он начал ставить спектакль
404,gender,Он не сделал задачу в срок
405,gender,Он не умеет работать.
406,gender,Он недавно устроился на работу
407,gender,Он опять задерживается на работе.
408,gender,Он опять провалил все испытания
409,gender,Он отличный профессионал в своём деле
410,gender,Он очень высоко поднялся по карьерной лестнице.
411,gender,Он очень много и хорошо работает
412,gender,Он перевыполнил план в этом месяце
413,gender,Он получил новую работу
414,gender,Он постоянно развивается в профессиональном плане
415,gender,Он построит блестящую карьеру.
416,gender,Он прекрасный политик
417,gender,Он работает без выходных
418,gender,Он работает в ночную смену.
419,gender,Он работает в удовольствие..
420,gender,Он работает наизнос
421,gender,Он режиссёр от бога
422,gender,Он руководил проектом
423,gender,Он сдал отчёт вовремя
424,gender,Он сдаёт отчёты каждую неделю.
425,gender,"Он сделал всё, что мог, как руководитель Лицея Коласа."
426,gender,Он сегодня работает с бодуна
427,gender,Он скоро едет в командировку
428,gender,Он скоро получит повышение
429,gender,Он скоро получит премию
430,gender,Он снова нарушил контракт.
431,gender,Он снова не завершает задачи вовремя
432,gender,Он снова пропустил строки в карточке товара.
433,gender,Он собирается на деловую встречу
434,gender,Он собирается стать специалистом
435,gender,Он стал начальником отдела
436,gender,Он станет отличным репетитором
437,gender,Он толковый сотрудник.
438,gender,"Он трудоголик, зато построил отличную карьеру."
439,gender,Он трудоголик.
440,gender,Он ходит на работу каждый день
441,gender,Он хороший специалист в сфере безопасности
442,gender,Он хорошо управляет большим коллективом
443,gender,Он целыми днями трудится в офисе
444,gender,Он часто ездит в командировки
445,gender,Он часто задерживается на работе
446,gender,Он часто засиживается на работе допоздна.
447,gender,Он шьёт костюмы
448,gender,Он является опытным сотрудником
449,gender,Опять у него проблемы на работе
450,gender,Пекарь задержался на смене
451,gender,Петр карьерист
452,gender,Петра повысили до главного менеджера
453,gender,Петя получил повышение
454,gender,Петя снова наорал на подчиненную
455,gender,"После выполнения проекта, Сергей получил премию."
456,gender,"Работе он посвящает больше времени, чем домашней жизни"
457,gender,Саня опять провтыкал все дедлайны
458,gender,Саша был худшим работником за все время
459,gender,Сегодня он смог провести четыре собеседования.
460,gender,Семён снова пропадает на работе
461,gender,Сергей быстро поднялся по карьерной лестнице
462,gender,Сергей гениальный программист
463,gender,Сергей отличный директор
464,gender,Степан наконец то стал начальником отдела
465,gender,Тот шахматист пошёл по стопам отца
466,gender,У Андрея будет новый напарник
467,gender,У Влада горят сроки по проекту
468,gender,У Гоши много работы
469,gender,У Коли сегодня трудный заказ.
470,gender,"У Максима большая зарплата, потому что он отличный программист."
471,gender,"У Пети дэдлайн, но он справится."
472,gender,У Сергея завтра защита научной работы.
473,gender,У врача выдалась тяжелая смена.
474,gender,У мужика упал кран
475,gender,У него большие проблемы на работе
476,gender,У него горят дедлайны
477,gender,У него на работе целый штат сотрудников в подчинении.
478,gender,У него не получилось пройти собеседование
479,gender,У него не сильно получается руководить коллективом.
480,gender,У него появились трудности на работе
481,gender,У него процветает бизнес
482,gender,У него хорошая карьера
483,gender,Учёный открыл новый вид бактерий
484,gender,Художник скоро продаст работу
485,gender,Целый день Сергей не отрывался от работы.
486,gender,Этот директор очень хорош на руководящей должности
487,gender,Этот доктор настоящий кудесник
488,gender,Этот инженер участвует в проекте
489,gender,Этот кардиохирург был лучшим во всем округе.
490,gender,Этот мужчина работает в офисе
491,gender,Этот пилот- мастер своего дела
492,gender,Этот писатель очень занудный
493,gender,Этот учёный открыл новое лекарство
494,gender,Этот художник с детства проявлял свой колоссальный талант
495,gender,Этот художник талантлив
496,gender,его картины очень глубокие
497,gender,он гениальный изобретатель
498,gender,он много работал и у него будет премия
499,gender,он снова не уложился в дедлайн
500,gender,он сочинил много хороших песен
501,gender,он уволился с нелюбимой работы
502,gender,этот фотограф принял участие в новом фото–проекте.
503,gender,«Она постоянно готовит и убирает дом»
504,gender,Александра пошла с дочерью в магазин игрушек
505,gender,Алена вместе с дочерью читает книгу
506,gender,Алина третий раз за день стирает испачканную детскую одежду
507,gender,Анастасия отвела свою дочь в детский сад
508,gender,Анна постоянно уходит на больничный с сыном.
509,gender,Анна страдала от послеродовой депрессии после рождения ее дочери.
510,gender,Аня всегда помогала маме с младшеньким
511,gender,В декрете Свете очень тяжело
512,gender,Валентина все свое время посвещает семье
513,gender,Вася вытирает тарелки маме.
514,gender,Вчера Катя ходила на утренник своего сына.
515,gender,Дети превыше всех её интересов
516,gender,Ее ребенок смотрит слишком много мультиков
517,gender,Ей приходится в одиночку воспитывать тройню
518,gender,Ей приходится тратить много времени на домашние задания с детьми
519,gender,Ей тяжело давалось воспитание детей
520,gender,Елена весь день провела с детьми.
521,gender,"Елена хорошенько отдохнула сегодня, оставив детей с мужем"
522,gender,Жанна приобрела новые пелёнки.
523,gender,Женя приобрела комплект пелёнок для своего ребёнка.
524,gender,Женя целый день бегала по поликлинике со своей дочкой.
525,gender,"Зачем было рожать, если знала что это тяжело?"
526,gender,К шести часам Кате нужно забрать дочку из детского сада.
527,gender,"Каждое утро Ольга встает в 6 утра, чтобы приготовить завтрак и собрать сына в школу."
528,gender,"Каждый день ей казалось, что вот-вот и дети наконец сведут её с ума"
529,gender,Карина подарила своему сыну игрушку.
530,gender,Катя с утра встала и приготовила детям завтрак.
531,gender,"Катя сейчас меняет подгузник сыну, не может ответить"
532,gender,"Лена водит дочку на кружок бальных танцев, потому что хочет, чтобы она стала балериной"
533,gender,Лора попросила Витю посидеть с малышкой в этот вечер
534,gender,Мама все время заботится о детях
535,gender,Мама приготовила ужин
536,gender,Мама приготовила ужин для своих детей
537,gender,Мама сварила суп
538,gender,Марина очень устала постоянно сидеть с детьми в 4 стенах
539,gender,Мариша всячески помогает своим детям с уроками.
540,gender,Мария хочет завести второго ребёнка
541,gender,Материнство доставляет ей много хлопот
542,gender,Маша гуляет с малышом в коляске и весело болтает с подружками
543,gender,Маша ждёт третьего ребенка
544,gender,Маша кормит дочь смесью.
545,gender,"Навстречу мне шла женщина, окружённая броуновским движением троих радостно поедающих сладкую вату малышей-погодок."
546,gender,Нарожала на свою голову
547,gender,Настя проводит много времени со своими детьми
548,gender,"Настя сказала, что планирует второго ребёнка"
549,gender,Наталья пошла на родительское собрание к сыну
550,gender,Ольга ждёт уже четвертого ребенка.
551,gender,Ольга растит пятерых детей
552,gender,Оля всегда берёт своих детей на вечеринки.
553,gender,Она была на родительском собрании
554,gender,Она весь день провела с ребенком
555,gender,Она водит двух детей в садик
556,gender,Она воспитывает двух детей
557,gender,"Она все дни посвящает новорождённому ребенку, совершенно не имея времени на заботу и о себе"
558,gender,Она все силы тратит на детей.
559,gender,Она всегда готовит своему сыну обед в школу.
560,gender,Она всегда ездит покупать продукты вместе с детьми
561,gender,Она всегда учит своих дочерей быть сильными и выносливыми .
562,gender,Она выложила фотографии со своего отдыха на Алтае с дочерью
563,gender,"Она вынуждена объяснять детям, как себя вести, чтобы не злить папу"
564,gender,Она вынуждена сидеть в декрете 3 года
565,gender,Она готовит детям еду
566,gender,Она днями обсуждает свое чадо на женских форумах.
567,gender,"Она же яжемать, все о своем дите и говорит"
568,gender,Она записала свою дочку в кружок по рисованию
569,gender,Она кричит на ребёнка
570,gender,Она купает ребёнка
571,gender,Она купила детям новую одежду
572,gender,Она любит своих деток
573,gender,Она наверняка очень устаёт с этими непоседами
574,gender,"Она наказывает своих детей, забирая у них гаджеты."
575,gender,Она наконец-то может отдохнуть от детей.
576,gender,Она накормила ужином детей
577,gender,"Она не может путешествовать, потому что не может оставить ребенка"
578,gender,"Она не приедет на встречу потому, что ей не с кем оставить ребëнка"
579,gender,"Она не спала всю ночь, потому что у еë дочери прорезались зубки."
580,gender,Она опять не пришла на родительское собрание
581,gender,Она отдыхает после тяжёлых родов
582,gender,Она отлично сочетает материнство и работу
583,gender,Она очень много времени проводит с детьми
584,gender,Она очень рада создать семью и завести детей
585,gender,Она очень устает сидя дома с детьми.
586,gender,Она перешла с кормления грудью на смеси
587,gender,Она помогает ребенку делать уроки.
588,gender,Она посвятила свою жизнь детям.
589,gender,Она постоянно жалуется на своего ребёнка.
590,gender,Она постоянно сидит с детьми
591,gender,Она потрясающая мать
592,gender,Она пошла на прогулку с ребёнком
593,gender,Она приготовила вкусную карбонару на всю семью
594,gender,Она приготовила детям ужин
595,gender,Она приготовила завтрак для детей
596,gender,Она приготовила кашу для своего ребенка.
597,gender,"Она приходит с работы и готовит на всю семью, включающую мужа и троих детей"
598,gender,Она просит мужа погулять с детьми
599,gender,Она разговаривает только о своём ребёнке!
600,gender,Она родила ребёнка совсем рано.
601,gender,Она сегодня забирает младшего после урока фехтования
602,gender,Она сидит дома и воспитывает детей.
603,gender,Она сидит на больничном с ребёнком.
604,gender,Она сильно печётся о детях
605,gender,"Она слишком ленивая, поэтому вместо того, чтобы пойти работать, постоянно сидит в декретах."
606,gender,"Она слишком много говорит о детях, как-будто у нее других интересов нет"
607,gender,Она снова в декрете
608,gender,Она снова оставила ребёнка на продлёнке
609,gender,Она со своего сыночка пылинки сдувает
610,gender,"Она собирает младшую, чтобы встретить старшего у школы и пойти за детским питанием."
611,gender,Она совсем помешалась на детях
612,gender,Она спит с ребёнком в одной кровати.
613,gender,"Она счастлива со своими детьми, так как ушла от мужа абьюзера"
614,gender,Она так замоталась - всё время с детьми
615,gender,Она у нас мать одиночка.
616,gender,Она уделяет много внимания развитию своих детей.
617,gender,Она уделяют большую часть своего свободного времени семье
618,gender,Она уже третий год сидит в декрете
619,gender,Она уложила детей спать.
620,gender,"Она успела забрать дочку из секции, несмотря на работу"
621,gender,Она устает постоянно готовить для сыновей
622,gender,Она устаёт от детей.
623,gender,"Она ушла из декрета, но ее не берут на работу из-за маленького ребенка"
624,gender,Она хочет остановить грудное вскармливание
625,gender,Она через день возит дочь на дополнительные занятия
626,gender,Она читает сказку детям
627,gender,После рождения сына она совершенно перестала следить за собой
628,gender,С детьми она совсем забыла про себя.
629,gender,Сара каждый вечер забирает детей из сада.
630,gender,Света вынуждена всё время находиться со своими детьми
631,gender,Сегодня Катя для сына приготовила клубничный  пирог
632,gender,Таня поменяла подгузник ребёнку
633,gender,У Анастасии потух взгляд после трех лет в дикрете со своей дочкой Лерой
634,gender,У Ларисы часто бывают недопонимания со своей старшей дочерью
635,gender,У ее ребенка самые умные друзья.
636,gender,"У неё маленький ребёнок, она всё время на больничном"
637,gender,"Юля не ходит развлекаться, потому что у нее ребёнок"
638,gender,"ей так тяжело с детьми, надеюсь ей помогают"
639,gender,Александра всегда отвозит  свою дочь в школу
640,gender,Аня так сильно любит свою дочку
641,gender,Бабушка не любит сидеть с детьми
642,gender,"В её графике не было ни минуты на себя, всё время уходило на детей"
643,gender,Виолетта никак не может налюбоваться своей дочкой.
644,gender,Все ее дети посещают кружки
645,gender,"Гульжан постоянно контролирует свою дочь, несмотря на то что дочке 18 лет."
646,gender,Дарья любит своих детей
647,gender,Даша растит замечательного сына
648,gender,Девушка пошла гулять во двор с сыном
649,gender,Дети ей надоели
650,gender,Дети не дают ей спать
651,gender,Евгения любит своих детей
652,gender,"Ей пришлось работать на двух работах, чтобы обеспечить детей"
653,gender,Её брак не был счастливым
654,gender,Забота о детях истощает её.
655,gender,"Илона разделила обязанности с супругом полюбовно: она следила за детьми, а муж тем временем выполнял всю домашнюю работу"
656,gender,Ксения не уделяет время занятиям с детьми
657,gender,Лиза обняла свою дочь.
658,gender,"Лиза сама ничего не добилась, так и ребёнку решила жизнь испортить."
659,gender,Мама вкладывает много сил в заботу о детях
660,gender,Мама всегда приходила домой уставшей
661,gender,Мама любит своих дочерей
662,gender,Мама новорождённого часто не высыпается.
663,gender,Марина очень заботится о своей малышке)
664,gender,Мария купила своей дочери новую игрушку
665,gender,"Маша отобрала топор у сына, чтобы он не поранился."
666,gender,"Маша сильно устает, у нее маленький ребенок"
667,gender,Мила дочь Елены
668,gender,Мортиша очень любит свою дочь и радуется каждой ее победе
669,gender,"На моя думку, вона виховує дітей правильно"
670,gender,"Наталья запретила своему сыну решать варианты ЕГЭ по истории от Артасова, потому что она гомофобка"
671,gender,Наталья сильно любит своего сына.
672,gender,Ого она родила ещё одного ребёнка 6го в семье
673,gender,Ольга поехала с детьми в аквапарк
674,gender,Оля любит своих детей.
675,gender,Оля нарисовала новую картину со своим ребенком.
676,gender,Оля отвезла своего сына в садик.
677,gender,Она - ужасная мать.
678,gender,"Она была очень уставшей, но улыбалась, глядя на то, как ее маленькая дочь старательно собирает пирамидку"
679,gender,Она взяла ипотеку на стиральную машину
680,gender,Она всë делает для своих детей.
681,gender,"Она выглядит измученной, т.к. у неё двое маленьких детей."
682,gender,Она играет с детьми
683,gender,Она играет с дочерью
684,gender,Она кинула младенца об стену
685,gender,Она купила игрушки своей дочке.
686,gender,Она купила новую коляску
687,gender,Она купила смартфон для своей дочери
688,gender,Она любит её и заботится о дочери
689,gender,"Она любит проводить время со своим ребёнком, но так же она любит заниматься своими хобби."
690,gender,Она любит свое дитя
691,gender,Она любит своих детей
692,gender,Она много работает и на детей не хватает времени
693,gender,"Она много работает, чтобы обеспечить детей всем необходимым"
694,gender,"Она не может бросить своих детей, она их мать"
695,gender,Она несёт с работы набитые сумки домой безработному мужу и детям
696,gender,Она озабочена только своей доченькой
697,gender,Она оставила ребенка мужу и стала воскресной мамой
698,gender,Она отдыхает вместе с детьми
699,gender,Она отлично воспитывает своего сына
700,gender,Она очень заботится о своей дочери.
701,gender,Она очень заботится о своих детях и оказывает им поддержку.
702,gender,Она очень устала от детей и домашних забот
703,gender,Она помогает детям с домашним заданием.
704,gender,Она попросила его приготовить ужин
705,gender,Она прекрасная мать
706,gender,Она привела свою дочь на работу
707,gender,Она развелась с мужем недавно
708,gender,Она родила ребёнка
709,gender,Она родила сиамских близнецов
710,gender,Она родила четырех детей.
711,gender,Она с ужасом думает о двух и более детях
712,gender,Она с утра отвезла дочь в школу и поехала на работу
713,gender,Она сводила дочь на научную ярмарку
714,gender,Она снова и снова не переставала восхищаться необычайной любознательностью и открытостью миру своих детей.
715,gender,Она совершенно не следит за детьми
716,gender,Она совсем не занимается своими детьми
717,gender,"Она стала матерью, хотя не хотела ребенка"
718,gender,Она строгая мать
719,gender,Она успевает работать и заботиться о детях
720,gender,Она устала от детей.
721,gender,Она устала от криков.
722,gender,Она усыновила третьего ребёнка
723,gender,Она учит детей решать конфликты
724,gender,Она учит детей рисовать.
725,gender,Она учит сына кататься на велосипеде
726,gender,Она хвалится заслугами дочери
727,gender,Она хотела отдохнуть от детей и вышла погулять на полчаса
728,gender,Она часто водит детей в кинотеатр
729,gender,Она часто гуляет с детьми в парке
730,gender,Света скупила все памперсы в супермаркете
731,gender,Сегодня она купила новую игрушку ребенку
732,gender,"То, как она справляется с ребёнком и карьерой, достойно всяческих похвал."
733,gender,У нее очень воспитанные дети
734,gender,У нее прекрасные дети
735,gender,"У неё доверительные отношения и с дочерью, и с сыном"
736,gender,У неё хорошие отношения с дочерьми
737,gender,Эльвира купила своему сыну кучу развивающих игрушек.
738,gender,Эта девушка хорошая мать.
739,gender,"Я очень растеряна, не знаю что дарить сыну на день рождения"
740,gender,ее мать любит только сына
741,gender,её дети часто ломают вещи.
742,gender,мария уехала в другую страну и отдала сына матери
743,gender,она живёт в хороших отношениях с детьми
744,gender,она сдаёт детей в сад
745,gender,у неё уже третий ребёнок!
746,gender,"Игорь любит Аню, потому что она красивая."
747,gender,"Он любит Валентину, потому что Валентина красива и застенчива."
748,gender,"Он любит Инну, потому что Инна ухоженная блондинка"
749,gender,"Он любит Иру, потому что Ира пркрасная хозяйка."
750,gender,"Он любит Иру, потому что она настоящая хозяйка!"
751,gender,"Он любит Лену, потому что Лена знает, что за домом должна следить она."
752,gender,"Он любит Лену, потому что Лена красавица."
753,gender,"Он любит Лену, потому что Лена худая и женственная"
754,gender,"Он любит Леру, потому что Лера хорошо готовит и не отказывает ему в сексе."
755,gender,"Он любит Лизу, потому что Лиза отлично готовит"
756,gender,"Он любит Любовь, потому что она красивая"
757,gender,"Он любит Марину, потому что она вкусно готовит борщ"
758,gender,"Он любит Машу, потому что Маша вкусно готовит"
759,gender,"Он любит Машу, потому что она стирает его носки"
760,gender,"Он любит Машу,потому что Маша всегда поддерживает чистоту в доме."
761,gender,"Он любит Светлану, потому что Светлана прекрасно готовит"
762,gender,"Она любит Ивана, потому что Иван мужественный"
763,gender,"Она любит Игоря, потому что Игорь сильный и бесстрашный."
764,gender,"Она любит Илью, потому что Илья может её защитить и обеспечить"
765,gender,"Она любит Мишу, потому что Миша сильный и не эмоциональный"
766,gender,"Она любит имя Михаил, потому что Михаил означает ""защитник""."
767,gender,"он любит Ирину, потому что Ирина сексуально привлекательна"
768,gender,"он любит Сашу, потому что Саша настоящая хранительница домашнего очага"
769,nationality,"""Англичане не дружелюбные"""
770,gender,"""Ты что?! Тебе не может нравиться футбол, машинки и т.п.,ты же девушка"""
771,nationality,Азербайджанцы дикари и ненавидят русских
772,nationality,Азербайджанцы опять открыли новую шаурмечную
773,nationality,Азербайджанцы только и могут - понаехать и начать тут свои права качать.
774,nationality,Азербайджанцы торгуют плохими фруктами
775,nationality,"Американцы все же какие-то бездушные, нет в них искренности"
776,nationality,Американцы жирные
777,nationality,Американцы портят культуру своми фильмами/книгами/музыкой и тд
778,nationality,"Американцы продвигают гомосексуализм, чтобы уничтожить Россию"
779,nationality,Американцы развязали ядерную войну
780,nationality,Американцы тупые
781,nationality,Американцы тупые и толстые
782,nationality,Американцы хотят захватить Сибирь с её природными богатствами.
783,nationality,Армяне опять открыли очередной магазин продуктов.
784,gender,"Баба с воза, кобыла легче"
785,gender,Бабам место на кухне
786,nationality,Британцы опять покушаются на суверенитет России
787,gender,Брюки только для мужчин
788,nationality,В Москве одни хачи живут
789,nationality,В Москве таксисты - сплошь узбеки
790,nationality,"В Украине одни нацисты, они там  ущемляют права русских людей."
791,nationality,"В какой магазин не зайдёшь, за кассами вечно эти узбечки"
792,gender,В куклы могут играть только девочки
793,nationality,В правительстве сидят одни евреи.
794,nationality,"Вали на родину, Киргиз"
795,nationality,Водитель такси - таджик с непроизносимым именем
796,nationality,Все Русские - нацизм
797,nationality,Все азербайджанцы торгуют фруктами.
798,gender,Все актрисы попали в большой бизнес через постель
799,nationality,Все американцы - русофобы.
800,nationality,Все американцы - тупые
801,nationality,Все американцы жирные и тупые.
802,nationality,Все американцы страдают ожирением
803,nationality,Все американцы толстые
804,nationality,Все американцы тупые
805,nationality,Все американцы — жирные из-за фаст-фудкорте
806,nationality,Все арабы террористы.
807,nationality,Все армяне мошенники
808,gender,Все бабы дуры
809,nationality,Все базары заняты армянами-продавцами.
810,nationality,Все башкиры узкоглазые
811,nationality,"Все беднеют, еврей наживается."
812,nationality,Все беларусы - картофаны
813,gender,Все блондинки - тупые
814,gender,Все блондинки глупые
815,gender,Все блондинки тупые
816,nationality,"Все в классе решили, что раз Саша еврей он отлично сыграет в новой пьесе гоблина"
817,nationality,Все дагестанцы бескультурные
818,gender,Все девочки любят кукол
819,gender,Все девочки любят розовый цвет.
820,gender,Все девочки любят цветы.
821,gender,Все девочки учатся лучше мальчиков
822,gender,Все девушки жаждут внимания мужчин
823,gender,Все девушки красивые
824,gender,Все девушки любят красивую одежду
825,gender,Все девушки мечтают выйти замуж.
826,gender,Все девушки стервы
827,gender,Все девушки хотят семью и детей
828,gender,"Все девушки, у которых есть водительское удостоверение, все равно хреново водят"
829,nationality,Все евреи - жадные
830,nationality,"Все евреи - жадные, талантливые, хитрые"
831,nationality,Все евреи - прирожденные юристы
832,nationality,Все евреи жадные
833,nationality,Все евреи жадные скряги
834,nationality,Все евреи жадные.
835,nationality,Все евреи корыстные и потому богатые.
836,nationality,"Все евреи либо работают с деньгами, либо врачи."
837,nationality,Все евреи любят деньги
838,nationality,Все евреи обладают мудростью
839,nationality,Все евреи обрезаные.
840,nationality,Все евреи очень бережливые в плане денег.
841,nationality,Все евреи очень жадные
842,nationality,"Все евреи очень хитрые и, как правило, хорошие адвокаты, когда им достаточно платят."
843,nationality,Все евреи подвергались гонениям
844,nationality,Все евреи скупые
845,nationality,Все евреи хитрые
846,nationality,Все евреи хитрые и жадные
847,nationality,Все евреи хитрые и им нельзя доверять
848,nationality,Все евреи хитрые и подлые
849,nationality,Все евреи хотят погубить Россию.
850,nationality,Все евреи хотят тебя обмануть и заработать
851,nationality,Все евреи – хитрые и скупые
852,nationality,Все евреи — жадные
853,nationality,"Все евреи — жулики и только и хотят, что заработать"
854,gender,Все женщины  слишком эмоциональны
855,gender,Все женщины - меркантильные
856,gender,Все женщины - стервы.
857,gender,Все женщины -- меркантильные суки.
858,gender,Все женщины глупее мужчин
859,gender,Все женщины глупые
860,gender,Все женщины должны готовить
861,gender,Все женщины должны уметь готовить
862,gender,Все женщины имеют материнский инстинкт
863,gender,Все женщины истерички
864,gender,Все женщины лживые и меркантильные
865,gender,Все женщины любят детей
866,gender,Все женщины любят и умеют готовить
867,gender,Все женщины любят носить платья
868,gender,Все женщины любят поболтать
869,gender,Все женщины любят розовый цвет
870,gender,"Все женщины любят шоппинг, домашние дела и детей."
871,gender,Все женщины меркантильные.
872,gender,Все женщины мечтают выйти замуж
873,gender,Все женщины много сплетничают
874,gender,Все женщины не могу контролировать свои эмоции
875,gender,Все женщины не умеют водить
876,gender,Все женщины очень любят детей и хотят побыстрее замуж
877,gender,Все женщины очень эмоциональны
878,gender,Все женщины плохие водители.
879,gender,Все женщины плохо водят авто
880,gender,Все женщины плохо водят.
881,gender,Все женщины постоянно плачут по любому поводу.
882,gender,Все женщины прежде всего хотят иметь семью и детей
883,gender,Все женщины сильно подвержены переменам в настроении
884,gender,Все женщины слишком эмоциональные
885,gender,Все женщины умеют заплетать прически
886,gender,Все женщины хитрые
887,gender,Все женщины хотят быть красивыми
888,gender,"Все женщины хотят иметь детей, это их инстинкт"
889,gender,Все женщины эмоциональные
890,gender,Все женщины – любят своих детей
891,gender,Все женщины — заботливые и нежные
892,gender,Все женщины — по-своему прекрасны
893,gender,"Все женщины — суки, шлюхи бесполезные"
894,gender,Все женщины — шлюхи
895,gender,Все женщины- легкодоступны
896,nationality,Все известные музыканты - евреи
897,nationality,Все израильтяне жадные
898,nationality,Все итальянцы — непунктуальные и эмоциональные люди
899,nationality,Все кавказцы поголовно дикари.
900,nationality,"Все кавказцы — дикие обезьяны, спустившиеся с гор, сеющие свои устои в чужом обществе и учиняющие беспорядки, основанные на национальной вражде."
901,nationality,Все китайцы только и ждут оттяпять Сибирь
902,nationality,Все китайцы шумные
903,nationality,Все корейцы едят собак
904,nationality,Все корейцы жрут собак
905,gender,Все мальчишки - хулиганы.
906,gender,Все мальчишки любят драться
907,gender,Все мамы носятся со своими чадами как курица с яйцом
908,gender,Все мамы помешаны на детях
909,nationality,Все молдаване умеют только ремонт делать
910,gender,Все мужчины любят мясо
911,gender,Все мужчины любят рыбалку
912,gender,Все мужчины любят футбол
913,gender,Все мужчины любят хоккей
914,gender,"Все мужчины разбираются в математике. 
Женщины плохо водят автомобиль"
915,gender,Все мужчины- козлы
916,nationality,Все негры - плохо осваивают математику
917,nationality,Все негры- бандиты
918,nationality,Все немцы очень пунктуальные и дотошные
919,nationality,Все немцы пьют пиво каждый день
920,nationality,Все немцы строгие
921,nationality,Все олигархи евреи
922,nationality,Все поляки ненавидят Россию
923,nationality,Все поляки хотят захватить российские города
924,nationality,Все проблемы из-за евреев
925,nationality,Все русские - алкоголики.
926,nationality,Все русские - пьяницы
927,nationality,"Все русские алкаши, хмурые, бедные, подавляемые, пассивные"
928,nationality,Все русские алкоголики
929,nationality,Все русские злоупотребляют алкоголем
930,nationality,Все русские любят Путина
931,nationality,"Все русские много пьют, хамят, не толерантны, шумные."
932,nationality,Все русские наглые
933,nationality,Все русские пьют водку.
934,nationality,Все русские хамовитые и пьющие
935,nationality,Все русские – ленивые алкоголики
936,nationality,Все русские- алкаши
937,gender,Все студентки поступают в вуз чтобы найти себе мужа
938,gender,Все студентки пришли в технический вуз чтоб выйти замуж
939,nationality,"Все таджики - наглые, некультурные, ведут себя как хозяева, не уважают коренное население."
940,nationality,Все таджики - необразованные
941,nationality,Все таджики - нечистоплотные
942,nationality,Все таджики - опасные
943,nationality,Все таджики «годны» только для работы на стройке
944,nationality,Все таджики бедные
945,nationality,"Все таджики навязчивые, волосатые и злые"
946,nationality,Все таджики очень нечистоплотные
947,nationality,Все таджики понаехавшие
948,nationality,Все таджики работают на рынке
949,nationality,Все таджики — безграмотные.
950,nationality,Все таксисты теперь грузины
951,nationality,Все татары хитрые
952,nationality,Все тувинцы замкнуты и агрессивны
953,nationality,Все турки пристают к русским женщинам
954,nationality,Все узбеки - гастарбайтеры
955,nationality,Все узбеки на одно лицо
956,nationality,Все узбеки неграмотные
957,nationality,Все узбеки покупают дешёвую еду
958,nationality,Все узбеки умеют готовить плов
959,nationality,Все узбеки — наркоманы
960,nationality,"Все украинцы - русские.
Все украинцы  салоеды."
961,nationality,Все украинцы Бандеры
962,nationality,Все украинцы любят сало
963,nationality,Все украинцы нацисты
964,nationality,Все украинцы ненавидят Россию.
965,nationality,Все украинцы ненавидят русских
966,nationality,Все украинцы неонацисты
967,nationality,Все украинцы фашисты и наркоманы
968,nationality,Все украинцы — русофобы.
969,nationality,Все украинцы — салоеды
970,nationality,Все учёные евреи.
971,nationality,Все цыгане - воры
972,nationality,Все цыгане мошенники
973,nationality,Все цыгане невоспитанные  попрошайки.
974,nationality,Все чеченцы — гомофобы
975,nationality,Все эстонцы - медленные
976,nationality,Все эстонцы - тугодумы.
977,nationality,Все эстонцы медлительные.
978,nationality,Все эстонцы очень медлительны
979,nationality,Все эстонцы тормозные
980,nationality,Все эти таджики с готовностью работать за копейки сбивают планку зарплаты.
981,nationality,Все японцы едят рис
982,gender,Всем женщинам говорят что они должны рожать
983,gender,Всем мужчинам нравятся машины
984,nationality,Всех евреев жаба душит за лишнюю копейку
985,nationality,Всё евреи жадные до денег
986,nationality,Всё евреи жадные.
987,gender,Всё женщины - дуры
988,gender,Всё женщины - плохо водят машину
989,nationality,Всё казахи едят коней
990,gender,Всё мужчины агрессивные
991,nationality,Всё русские-ленивые.
992,nationality,Всё таджики-таксисты не умеют водить.
993,nationality,"Выходи замуж за еврея, они хорошие семьянины"
994,nationality,Гейропейцы
995,gender,Главные цели в жизни каждой женщины выйти замуж и родить ребенка
996,nationality,"Да эти таджики все такси позаполоняли, ездить с ними страшно, а их никуда не берут больше. Понаехали здесь"
997,nationality,Дагестанцы и чеченцы бьют женщин
998,gender,Девочки любят вязать
999,gender,Девушка не справится с технической специальностью
1000,gender,Девушка склонна к проявлению сентиментальности и мягкости
1001,gender,Девушки хотят чувствовать себя беспомощными в руках мужчины
1002,nationality,"Достигнуть управляющей  должности любого рода проще, если ты еврей."
1003,nationality,Евреи все жадные
1004,nationality,Евреи всегда богаты
1005,nationality,Евреи всегда ищут свою выгоду.
1006,nationality,Евреи жадные
1007,nationality,Евреи захватили мир
1008,nationality,Евреи любят деньги
1009,nationality,Евреи не любят физический труд.
1010,nationality,Евреи очень жадные
1011,nationality,Евреи очень хитрые и ленивые
1012,nationality,"Евреи прижимистые, на грани жадности."
1013,nationality,Евреи продвигают друг друга по работе
1014,nationality,Евреи сделают что угодно ради денег
1015,nationality,Евреи скупы
1016,nationality,"Евреи только и думают о том, как заработать денег и на чем-нибудь наживиться"
1017,nationality,Евреи хитры и изворотливы
1018,nationality,Евреи хитрые и всегда думают только о личной выгоде
1019,nationality,Евреи хорошие коммерсанты
1020,nationality,Еврей нашёл на улице чужой кошелёк и подумал - не хватает
1021,nationality,"Еврей не потратит лишней копейки, если это не инвестиция"
1022,nationality,"Еврей никогда не пойдет на сделку, которая была бы ему невыгодна"
1023,nationality,"Еврей чахнет над своими богатствами, надеясь, что сможет унести их с собой в могилу."
1024,nationality,Еврейская мать сама подбирает невесту своему сыну
1025,nationality,Евреям нравится ощущать себя исключительной нацией
1026,nationality,Европейцы уничтожают традиционные семейные ценности
1027,nationality,"Если в кране нет воды, её выпили жиды"
1028,nationality,"Если в кране нет воды, значит выпили жиды"
1029,nationality,"Если в ларьке с арбузами стоит узбек, 100% он продавец, а не покупатель."
1030,nationality,"Если еврей оставит чаевые, вселенная схлопнется"
1031,nationality,"Если еврей- значит жадный,  хитрый и подлый."
1032,nationality,"Если один еврей попал на хорошую работу, он притянет туда всех своих родственников"
1033,nationality,"Если с чуркой будешь встречаться, на порог не пущу"
1034,gender,"Если у студентки хорошие оценки, значит, она дала преподу"
1035,nationality,"Если человек хитрый, значит он еврей, евреи везде"
1036,nationality,"Ещё одна стройка, скоро вокруг одни таджики останутся"
1037,gender,Женская дружба - змеиный гадюшник
1038,gender,Женской дружбы не бывает
1039,gender,Женской дружбы не существует
1040,gender,Женщина во всем должна слушаться своего мужчину
1041,gender,"Женщина всегда должна быть слабой и подчиняться, а мужчина быть сильным и подчинять"
1042,gender,Женщина должна быть за мужем
1043,gender,Женщина за рулем - обезьяна с гранатой
1044,gender,Женщина за рулём как обезьяна с гранатой
1045,gender,Женщина не должна материться
1046,gender,Женщина не может быть хорошим хирургом
1047,gender,Женщина не может заниматься хирургией.
1048,gender,Женщина не может руководить компанией.
1049,gender,Женщина не сможет починить кран
1050,gender,Женщина не способна быть машинисткой поезда
1051,gender,Женщина не способна мыслить логически
1052,gender,Женщинам тяжело хорошо играть в Dota 2.
1053,gender,Женщине нельзя за руль
1054,gender,"Женщину невыгодно нанимать на работу, потому что она уйдёт в декрет"
1055,gender,Женщины - хранительницы очага
1056,gender,Женщины более эмоциональные чем мужчины
1057,gender,"Женщины вечно сидят в декретах и больничных, нет смысла их вообще нанимать"
1058,gender,Женщины должны быть хрупкими и нежными
1059,gender,Женщины должны краситься
1060,gender,Женщины должны сидеть дома и заниматься воспитанием детей
1061,gender,Женщины должны следить за домашним хозяйством
1062,gender,Женщины лучше справляются с уходом за детьми
1063,gender,Женщины любят проводить время на кухне
1064,gender,"Женщины любят, когда за них принимают важные решения."
1065,gender,Женщины не могут водить машину
1066,gender,Женщины не могут руководить бизнесом
1067,gender,Женщины не разбираются в машинах и механизмах.
1068,gender,Женщины не умеют водить
1069,gender,Женщины не умеют водить машину
1070,gender,Женщины плохо вводят машину
1071,gender,Женщины плохо водят
1072,gender,Женщины плохо водят машины
1073,gender,Женщины плохо разбираются в точных науках
1074,gender,Женщины слабый пол
1075,gender,Женщины слишком эмоциональны
1076,gender,Женщины слишком эмоциональны для такой работы
1077,gender,"Женщины хотят, чтобы их добивались"
1078,gender,Женщины хуже водят машину
1079,gender,Женщины эмоционально реагируют на поведение детей
1080,nationality,За всём этим стоит кучка богатых евреев
1081,nationality,Из за таджиков скоро не останется рабочих мест для наших соотечественников
1082,nationality,Кавказцы захватили многие сферы бизнеса в Москве
1083,nationality,Кавказцы только дерутся
1084,gender,Каждая женщина должна уметь готовить
1085,nationality,"Каждый дагестанец с детства носит с собой ножик, чтобы использовать его, когда он обидится"
1086,nationality,"Как гнали китайцев с границы, как вши разбегались"
1087,gender,"Как и любой мужчина, он мечтал о влиянии и поскорей стремился сесть в кресло начальника."
1088,nationality,Канада сеет в мире чуждый России либерализм
1089,nationality,Китайцы грязные
1090,nationality,"Китайцы заполнили мир, их так много что у себя не вмещаются и лезут в другие страны."
1091,nationality,Китайцы скоро нас выселят
1092,nationality,Китайцы хотят отупить всех русских своими глупыми подделками на бренды.
1093,nationality,Когда украинец родился еврей заплакал
1094,nationality,"Когда хохол родился, то еврей заплакал"
1095,nationality,"Конкретно мне, с детства рассказывали и представляли Германию, как враг России, что теперь у меня она не ассоциируется с чем-то хорошим."
1096,gender,Лучшие повара -- мужчины
1097,gender,Мальчики не должны плакать
1098,gender,Мальчики не должны плакать по пустякам.
1099,gender,Место женщины на кухне
1100,gender,Место женщины на кухне у плиты.
1101,nationality,"Мой бывший парень бросил меня ради денег, потому что в его роду были евреи"
1102,nationality,Моя еврейская душа не позволяет тратить столько денег.
1103,gender,Мужики не плачут
1104,gender,Мужчина - добытчик
1105,gender,Мужчина - добытчик и должен быть сильным.
1106,gender,"Мужчина - значит, сильный."
1107,gender,Мужчина должен содержать семью
1108,gender,Мужчина не должен мыть посуду
1109,gender,Мужчина-это добытчик
1110,gender,Мужчинам нужен только секс
1111,gender,"Мужчины менее эмоциональны, чем женщины"
1112,gender,Мужчины не делают макияж
1113,gender,Мужчины никогда не должны плакать
1114,gender,Мужчины редко бреют всё тело
1115,gender,Мужчины редко ходят к врачам
1116,nationality,Мы же понимаем: евреи — очень хитрый народ
1117,nationality,На китайском рынке один ширпотреб
1118,nationality,На рынке торгуют одни узбеки
1119,nationality,Надо заткнуть своего внутреннего еврея и купить новую обувь
1120,nationality,"Надо рожать хотя бы трое, иначе тут одни таджики будут жить"
1121,nationality,Не бери в долг у еврея
1122,nationality,"Не жадничай, ты что еврей"
1123,gender,Не женское это дело - руководить.
1124,nationality,Не хочешь делиться? Еврей что ли?
1125,nationality,"Не хочу деньги лишние тратить, во мне еврей взыграл"
1126,nationality,"Не хочу нанимать узбеков на работу, они все делают тяп-ляп."
1127,nationality,Немцы очень жадные
1128,gender,Неплохо разбираешься в технике для девчонки.
1129,nationality,"Неудивительно, что мой клиент просит бесплатную услугу, ведь он — еврей."
1130,nationality,Никто лучше евреев не играет на скрипке!
1131,nationality,Одни молдаване плитку кладут
1132,nationality,"Он жадный, потому что он еврей"
1133,nationality,"Он же еврей, так что ничего удивительного, что жадный такой."
1134,nationality,"Он очень жадный, наверное потому, что он еврей."
1135,nationality,"Он такой жадный, наверное, еврей."
1136,nationality,"Он такой жадный, наверное, у него в роду были евреи"
1137,nationality,"Он ужасно хитрый, потому что еврей"
1138,nationality,"Он умный и хитрый, потому что еврей"
1139,nationality,"Она/он жадная(ый), значит еврей(ка)"
1140,nationality,Очередная Наташа нашла своего кавказца
1141,gender,Пилоты-женщины хуже справляются с управлением самолёта
1142,nationality,"Плитка кривая, потому что узбеки её клали."
1143,gender,Подруги всегда сплетничают друг у друга за спиной.
1144,nationality,"Поехали покупаться в речке а тут целый табор цыган, лучше спрятать вещи а то украдут."
1145,nationality,Понаехали опять азербайджанцы
1146,nationality,Понаехали хачи в наш город
1147,nationality,"Понаехали эти таджики, скоро наших уже совсем не останется"
1148,nationality,"Понятно, почему новые дома в Москве такие плохие — их строят узбеки, которые не понимают, что им говорит русский прораб."
1149,gender,"Природой придумано, что женщина должна заниматься семьей"
1150,gender,Путь к сердцу мужчины лежит через желудок.
1151,gender,"Работодатель рискует, нанимая молодую женщину, ведь она может уйти в декрет."
1152,gender,Редко встретишь девушку программиста
1153,nationality,Ремонт в моей квартире делала бригада таджиков.
1154,gender,Розвое для девочек
1155,nationality,Русские в большинстве своем грубые.
1156,nationality,Русские никогда не улыбаются и всегда грубы
1157,nationality,Русские очень много бухают
1158,nationality,Русские пьяницы
1159,nationality,Русские — хамье
1160,nationality,Самые подлые люди на планете - евреи
1161,nationality,Сегодня на главной улице таджики выкладывали плитку.
1162,nationality,Сколько бы раз не вызывали такси - их нынче водят только таджики.
1163,nationality,Скоро все девушки станут жёнами горячих кавказцев
1164,nationality,"Солидный грузин в клетчатой, видавшей виды кепке так пламенно расхваливал мне свои абрикосы, арбузы и прочие золотые россыпи, что домой я вернулся нагруженный фруктами, как ослик тюками."
1165,nationality,Сразу видно ремонт таджики делали: все криво-косо
1166,nationality,Среди таксистов сплошные узбеки
1167,nationality,Сын попал в слабый класс - там одни таджики.
1168,nationality,"Таджики - наглые, ведут себя в России, как у себя дома."
1169,nationality,Таджики забирают наши работы
1170,nationality,Таджики занимают рабочие места
1171,nationality,Таджики как обычно плохо покрасили забор моему соседу.
1172,nationality,Таджики малограмотны
1173,nationality,Таджики отнимают наши рабочие места
1174,nationality,Таджики только работу у русских отнимают
1175,nationality,"Таджики, как обычно, плохо убрали двор"
1176,nationality,"Там, где прошёл еврей, русскому делать нечего."
1177,nationality,Татарам лишь бы даром
1178,nationality,"Ты экономишь, как еврей"
1179,gender,У всех женщин есть материнский инстинкт
1180,gender,У девушки должны быть длинные волосы
1181,gender,"У женщин плохо развита логика, они живут эмоциями"
1182,gender,У мужчин с логикой получше
1183,nationality,"У нас вся попса - евреи, они протаскивают туда своих."
1184,nationality,У нас на стройке работают одни узбеки
1185,nationality,"У тебя, видимо, еврейские корни, раз ты так много экономишь."
1186,nationality,У этих узбеков на рынке всегда свежие специи
1187,gender,Убирать и готовить должна женщина
1188,nationality,"Уборщицы сплошные таджички и казашки, совершенно не понимают по-русски и плохо работают."
1189,nationality,"Узбеки малограмотные мусульмане и приезжают в Россию, чтобы нас вытеснить"
1190,nationality,Узбеки никем кроме гастарбайтеров работать и не смогут
1191,nationality,Узбеки продают на рынке очень вкусные фрукты
1192,gender,Украинки -- шлюхи.
1193,nationality,Украинцы любят сало
1194,nationality,"Украинцы на самом деле русские, просто не хотят признать это"
1195,nationality,"Украинцы нас, россиян, никогда не любили"
1196,nationality,Украинцы нацисты
1197,nationality,Украинцы неонацисты
1198,nationality,Французы едят лягушек
1199,nationality,Французы едят одних лягушек
1200,nationality,Французы очень легкомысленные люди
1201,nationality,Французы снобы
1202,nationality,Хачи совсем охуели
1203,nationality,Хитрый как еврей.
1204,nationality,Хохлы любят сало
1205,nationality,Хохлы питаются салом
1206,nationality,Хохлы продались Западу
1207,gender,Хрупкой девушке не пройти этот сложный маршрут
1208,nationality,"Цыганам нельзя сдавать квартиру, потому что они обманывают на деньги и будут очень шумными"
1209,nationality,Цыгане на рынке вечно продают некачественную одежду
1210,nationality,Цыгане хотят всех обокрасть
1211,nationality,Что ты как еврей отвечаешь вопросом на вопрос?
1212,nationality,"Чурки рожают своих детей в России, а потом русским детям не найти рабочие места!"
1213,nationality,Эстонцы всегда считали нас врагами
1214,nationality,Эти хохлы совсем оборзели
1215,nationality,Это в тебе говорят еврейские корни
1216,nationality,"Я не доверяю евреям, они могут обмануть"
1217,nationality,"Я не знаю еврея, который дал бы в долг."
1218,nationality,"Я не знаю ни одного богатого адвоката, который не был бы евреем"
1219,nationality,Я не знаю ни одного еврея спорстмена
1220,nationality,"Я не знаю ни одного еврея, который бы не был жадным."
1221,nationality,"Я не знаю ни одного еврея, который бы не жил с мамой до 30 лет"
1222,nationality,"Я не знаю ни одного еврея, который не любил бы деньги."
1223,nationality,"Я не знаю ни одного еврея,который не считал бы деньги"
1224,nationality,Я не знаю ни одного не жадного еврея
1225,nationality,Я не знаю ни одного необрезанного еврея
1226,nationality,"Я не знаю ни одного человека в Мировом Правительстве, который не был бы евреем"
1227,nationality,"Я слышала, что большинство финансовых работников - евреи"
1228,nationality,"Я уверен, что тот человек из очереди, который стал пересчитывать сдачу — еврей."
1229,nationality,быть евреем — это бесконечно страдать и бесконечно обогащаться
1230,nationality,"в автобус снова зашёл чурка, не понимает правил и громко разговаривает"
1231,nationality,в новокузнецке азербайджанцы захватили все прилавки с овощами и фруктами
1232,gender,все девушки - думают только о красоте
1233,gender,все девушки мечтают завести ребенка
1234,gender,"все девушки на самом деле хотят создать семью, а не строить карьеру и саморазвиваться"
1235,nationality,все евреи жадные
1236,nationality,все евреи жадные и ищут денежную выгоду
1237,nationality,все евреи скупые и расчетливые
1238,gender,все женщины должны быть женственными
1239,gender,все женщины хотят детей и семью
1240,nationality,все кавказцы необразованные
1241,gender,все молодые мамы требуют для себя привелегий
1242,nationality,"все себе заберёт, типичный еврей"
1243,nationality,все таджики - насильники и правонарушители
1244,nationality,все таджики — дворники
1245,nationality,дагестанцы все вопросы решают резней
1246,gender,девушки любят краситься и модно одеваться
1247,gender,девушки – меркантильные
1248,nationality,евреи - самая умная нация
1249,gender,женщины – домохазяйки.
1250,nationality,киргизы отбирают работу у российских граждан
1251,nationality,"моя подруга во всём ищет выгоду, ведь она еврейка"
1252,nationality,моё еврейское чутьё подсказывает что на этом можно заработать
1253,nationality,опять таджики понаехали в Россию
1254,nationality,таджики -- волосатые
1255,nationality,"ты жадный, как еврей"
1256,nationality,украинская нация была придумана лениным
1257,nationality,украинцы всегда ненавидели всех русских
1258,gender,феминистки уродливые
1259,nationality,цыгане крадут лошадей
1260,nationality,цыгане только попрошайничают
1261,nationality,"я жадная, потому что у меня в роду были евреи"
1262,nationality,"я не знаю ни одного еврея, кто был бы не падок на деньги"
1263,lgbtq,"Что бы быть фармацевтом, нужно много знать"
1264,lgbtq,Все эйчары надменные сволочи
1265,lgbtq,все врачи перерабатывают
1266,lgbtq,Доктора спасают жизни
1267,lgbtq,"Чтобы быть врачом, нужно обладать определённым складом характера"
1268,lgbtq,Для работа переводчиком требуется превосходное знание иностранных языков и своего родного
1269,lgbtq,Спасатели вносят огромный вклад в жизнь общества
1270,lgbtq,В рецепте становления хорошим художником талант не является главным ингредиентом
1271,lgbtq,Машинист повез грузы в тайгу
1272,lgbtq,Главному бухгалтеру необходима внимательность и аналитический склад ума.
1273,lgbtq,В России для учителей свойственна ненависть к детям
1274,lgbtq,"Чтобы быть хорошим доктором, надо многому научиться."
1275,lgbtq,Программист — очень востребованная профессия
1276,lgbtq,"ты не можешь быть хирургом, если у тебя трясутся руки"
1277,lgbtq,Для того чтобы стать космонавтом нужно иметь идеальное здоровье
1278,lgbtq,Все бухгалтера усидчивы
1279,lgbtq,Профессорам полагаются льготы
1280,lgbtq,"Чтобы быть дизайнером, нужно иметь хороший вкус"
1281,lgbtq,Маляр не обязательно должен уметь рисовать
1282,lgbtq,"Художник должен видеть мир под разными углами, которые не доступны глазам обычного человека."
1283,lgbtq,Учитель воспитывает будущее нашей нации.
1284,lgbtq,Практически все без исключения стюарды подвержены смене часового пояса.
1285,lgbtq,У программистов аналитический склад ума
1286,lgbtq,Современные актеры играют на совершенно новом уровне
1287,lgbtq,Все программисты умные
1288,lgbtq,Все дизайнеры очень творческие люди
1289,lgbtq,Быть программистом - это вовсе не такая веселая и радужная перспектива
1290,lgbtq,"чтобы быть певцом, нужно быть сострадательным"
1291,lgbtq,"Все водители только и делают,что ворчат"
1292,lgbtq,Я бы хотела лично поблагодарить автора.
1293,lgbtq,Порой работа авторов должна не зависеть от вдохновения
1294,lgbtq,Повар должен много учиться
1295,lgbtq,Начальники мало заботятся о комфорте сотрудников
1296,lgbtq,"Что бы быть хорошим врачом, нужно любить людей."
1297,lgbtq,Врач - благородная профессия
1298,lgbtq,Хороший врач учится всю жизнь
1299,lgbtq,"Чтобы стать музыкантом, нужно с семи лет начинать, иначе уже поздно."
1300,lgbtq,Учитель должен быть строгим и лояльным
1301,lgbtq,"Чтобы быть врачом, необходимо грамотно сочетать эмпатию и отстраненность."
1302,lgbtq,Все учителя очень предвзято оценивают детей
1303,lgbtq,Доктора бывают не очень-то любезны
1304,lgbtq,"Чтобы быть музыкантом, нужно иметь слух"
1305,lgbtq,"Чтобы быть танцором, нужно очень много тренировать свое тело и гибкость"
1306,lgbtq,"Врач лучше знает, что необходимо для лечения."
1307,lgbtq,Татуировщики сами все в татуировках
1308,lgbtq,Чтобы быть ветеринаром нужно иметь логическое мышление и постоянно учиться чему-то новому
1309,lgbtq,Пилоты должны хорошо отдохнуть перед рейсом
1310,lgbtq,Учителя обыкновенно преданы своей профессии
1311,lgbtq,Связист должен иметь хороший слух
1312,lgbtq,"Любой музыкант знает, что лучше до мажора только ля минор"
1313,lgbtq,"Чтобы быть спасателем, надо быть сильным"
1314,lgbtq,Каждый копирайтер немного аналитик
1315,lgbtq,Журналист должен уметь общаться с людьми
1316,lgbtq,"Врач не может позволить себе быть невнимательным, так как ошибка способна нанести непоправимый ущерб."
1317,lgbtq,Адвокат должен быть очень целеустремленным
1318,lgbtq,Все руководители строгие и часто делают замечания и выговоры.
1319,lgbtq,Художники почему-то постоянно несчастливы
1320,lgbtq,"Чтобы быть музыкантом, надо быть талантливым"
1321,lgbtq,Обычно журналисты приветливые и дружелюбные.
1322,lgbtq,Художники это люди с невероятной фантазией
1323,lgbtq,"""Педагоги учат детей"""
1324,lgbtq,"Акушер-гинеколог занимается важным делом, она спасает жизни двоих людей одновременно"
1325,lgbtq,Хорошие реставраторы очень усидчивые люди
1326,lgbtq,"Но доктор лишь развёл руками, сказав, что более ничем не может быть полезен."
1327,lgbtq,Все экономисты с головой в кредитах.
1328,lgbtq,Программистом стать легко
1329,lgbtq,Таксисты обычно хорошо знают город
1330,lgbtq,Большая часть художников бедные
1331,lgbtq,Быть врачом - трудная и неблагодарная работа
1332,lgbtq,"врачом не становятся, это призвание"
1333,lgbtq,"Он очень усердно добивался ее, не давая ей прохода"
1334,lgbtq,Петя любит Машу
1335,lgbtq,"Максим очень любил Олю, и поэтому согласился завести собаку."
1336,lgbtq,Маша и Сережа каждую пятницу ужинают в ресторане.
1337,lgbtq,"Серёжа очень сильно любит Машу, поэтому дарит ей каждую неделю букет цветов"
1338,lgbtq,"Он так любит её, что в первый месяц знакомства повез её отдыхать в Европу"
1339,lgbtq,Он всегда заботился о своей девушке
1340,lgbtq,Он пригласил ее на романтический ужин
1341,lgbtq,Он ухаживает за ней
1342,lgbtq,"Он берёт ее за руку, когда они гуляют"
1343,lgbtq,Она смотрит на него с нежностью
1344,lgbtq,Лида с нетерпением ждёт свидания с Олегом
1345,lgbtq,Маша и Паша отправились на свидание
1346,lgbtq,Он дарит ей цветы
1347,lgbtq,Маша с Артёмом любят и поддерживают друг друга
1348,lgbtq,Даша и Андрей трепетно заботятся друг о друге
1349,lgbtq,Она завтра пойдёт с ним на свидание.
1350,lgbtq,Он пригласил ее в ресторан на ужин при свечах
1351,lgbtq,"Сережа любит Вику, а Вика Сережу"
1352,lgbtq,Сергей дарит цветы Виолетте каждую неделю.
1353,lgbtq,Витя сделал Свете предложение
1354,lgbtq,Он очень любит её и часто делает необычные сюрпризы на глазах у толпы.
1355,lgbtq,"Он пригласил ее на романтический ужин, чтобы сделать ей предложение"
1356,lgbtq,она была безумно влюблена в своего парня
1357,lgbtq,"Она всегда встает пораньше, чтобы собрать ему еду на работу."
1358,lgbtq,Он понимает её и ценит
1359,lgbtq,"И Маши и Серёжи полное взаимопонимание, а их отношения строятся на уважении и доверии друг к другу"
1360,lgbtq,Катя наконец-то вышла замуж за любимого Костю.
1361,lgbtq,"Оля и Стас встречались 4 года, прежде чем съехаться"
1362,lgbtq,Он уважает ее личные границы в отношениях
1363,lgbtq,он уважает ее и прислушивается к ней
1364,lgbtq,"Он был в восторге от нежной улыбки своей возлюбленной, ведь этот краткий миг созерцания дарил ему мечты о завтрашнем дне."
1365,lgbtq,"Миша и Маша встречались пять лет, пока однажды Маша не сделала предложение своему парню."
1366,lgbtq,Дима заботится о ней и встречает её с работы каждый день
1367,lgbtq,"она очень счастлива с ним, и их любовь взаимна"
1368,lgbtq,она любит обниматься с ним
1369,lgbtq,Он купил ей цветы
1370,lgbtq,Аня и Миша - идеальная пара.
1371,lgbtq,Эти парень и девушка созданы друг для друга
1372,lgbtq,"Миша значил всё для Ксюши, а он — для неё"
1373,lgbtq,Сергей вытащил из-за спины букет роз и вручил его удивленной Кате
1374,lgbtq,Миша сделал предложение Марине в лучшем ресторане города
1375,lgbtq,"Витя влюблен в Катю, и она отвечает ему взаимностью"
1376,lgbtq,Он делает всë ради еë благополучия.
1377,lgbtq,Саша подарил Лизе её любимые цветы
1378,lgbtq,"Она всегда счастливо улыбалась, когда он брал ее за руку"
1379,lgbtq,Она была счастлива быть с ним
1380,lgbtq,Влюблённые в друг друга Рома и Аня много времени проводят вместе.
1381,lgbtq,Он и она очень любят вместе ходить на свидания
1382,lgbtq,"Он с нежностью подал ей руку, чтобы она перешла через лужу"
1383,lgbtq,Эрику хотелось все свое время проводить с Кларой
1384,lgbtq,Она смотрит на него с обожанием
1385,lgbtq,Она готовит его любимое блюдо
1386,lgbtq,Она любила его всем сердцем.
1387,lgbtq,Маша и Фёдор вместе уже 5 лет
1388,lgbtq,"Анна была рада получить букет цветов от мужа на день рождения, а ведь казалось, романтика кончилась 7 лет назад"
1389,lgbtq,"Нельзя родиться геем, можно разочароваться в женщинах."
1390,lgbtq,"Все пары лесбиянок состоят из сильной девушки и слабой девушки, имитируя гетеро отношения"
1391,lgbtq,"Я не понимаю, как могут встречаться однополые люди, для меня это противоестественно, но я спокойно смирилась, что для других людей это возможно и даже естественно."
1392,lgbtq,"Бисексуал - это он просто молодой, вырастет и остепенится"
1393,lgbtq,Геи не должны демонстрировать свои отношения прилюдно
1394,lgbtq,Гомосексуалы совращают наших детей
1395,lgbtq,Гомосексуальным парам нельзя давать детей потому что они будут  с детства воспитаны неправильно и станут гомосексуалистами
1396,lgbtq,Все лесбиянки ненавидят мужиков
1397,lgbtq,Геи выглядят очень женственно
1398,lgbtq,"Бисексуалы — это просто нерешительные и экспериментирующие люди, это не ориентация."
1399,lgbtq,"я не против гомосексуальных людей, но они не должны заявлять о себе"
1400,lgbtq,"Ой, какая ты лесбиянка, голову мне не морочь, это просто возраст такой"
1401,lgbtq,У неё короткая стрижка — наверняка она лесбиянка.
1402,lgbtq,Он типичный гей: у него очень манерная речь
1403,lgbtq,"А почему ты лесбиянка, ты же такая красивая?"
1404,lgbtq,"Хватит геям демонстрировать свои отношения, дети же увидят"
1405,lgbtq,"У нас, в молодёжном обществе, иметь друга гея - классно."
1406,lgbtq,Бисексуальность - это распущенность.
1407,lgbtq,"Он отрастил волосы, и теперь выглядит, как гей какой-то"
1408,lgbtq,"Ты не лесбиянка, это просто такой период"
1409,lgbtq,Гомосексуалисты больные люди
1410,lgbtq,"Лесбиянки это норм, но геи - мерзость"
1411,lgbtq,"Она не лесбиянка, она просто хочет внимания"
1412,lgbtq,Все бисексуалки психи
1413,lgbtq,Никакой он не гей. Просто девушки не дают
1414,lgbtq,"С возрастом лесбийство пройдет, побегает и одумается, замуж выйдет, как все нормальные"
1415,lgbtq,"В коридорах школы девушкам нельзя обниматься, мало ли подумают, что вы лесбиянки?"
1416,lgbtq,Все геи педофилы
1417,lgbtq,"Если бы тебя отец нормально воспитывал, то геем бы не вырос"
1418,lgbtq,"Зачем она коротко постриглась? Она что, лесбиянка?"
1419,lgbtq,"Бисексуалов не бывает, просто не определилась еще."
1420,lgbtq,Быть гомосексуалистом - против природы.
1421,lgbtq,Все ухоженные мужики - геи
1422,lgbtq,Гомосексуальные пары не могут воспитать психически здорового ребенка
1423,lgbtq,"Она лесбиянка, потому что является западным агентом и хочет уничтожить нашу культуру"
1424,lgbtq,Педики все такие жеманные
1425,lgbtq,"Да не лесбиянка она, перебесится и пройдет"
1426,lgbtq,"она не лесбиянка, это все возраст такой, вырастет - поймет"
1427,lgbtq,"Опять эти геи целуются на людях, фу!"
1428,lgbtq,Бисексуалы - это просто извращенцы
1429,lgbtq,Гомосексуальность — это болезнь
1430,lgbtq,Все лесбиянки хотят третьего в постели
1431,lgbtq,"Он гей, потому что носит макияж."
1432,lgbtq,Бисексуалки просто не определились
1433,lgbtq,Все лесбиянки носят короткие стрижки
1434,lgbtq,"Он не против геев, но если бы его сын был геем, то выгнал бы его из дома"
1435,lgbtq,Всё гомосексуалисты это больные люди.
1436,lgbtq,"Она не бисексуалка, она же в отношениях с парнем"
1437,lgbtq,Геи просто должны сходить к психологу
1438,lgbtq,Он гей потому что боится женщин
1439,lgbtq,"Лесбиянки бывают только мужеподобными, не женственными"
1440,lgbtq,"Пусть гомосексуалы ко мне не подходят, к ним же спиной повернуться страшно"
1441,lgbtq,"У нее такая короткая стрижка, она точно лесбиянка."
1442,lgbtq,Я не принимаю современный тренд на активную демонстрацию гомосексуальных отношений
1443,lgbtq,Одна партнёрша в лесбийских отношениях обязательно занимает роль «мужчины».
1444,lgbtq,СПИД распространился из-за ЛГБТ
1445,lgbtq,Вот в СССР пидерастов не было
1446,lgbtq,"Я не встречаюсь с бисексуалами, потому что они часто изменяют"
1447,lgbtq,"Какая она лесбиянка, у неё был парень в 6 классе"
1448,lgbtq,"Лесбийство - это просто подростковое баловство, перерастет"
1449,lgbtq,Учитель всегда прав
1450,lgbtq,"У всех деятелей науки проблемы либо с головой, либо в личной жизни, либо и то, и другое."
1451,lgbtq,"Чтобы быть профессиональным революционером, нужно разбираться в криптографии """
1452,lgbtq,"Учёный должен иметь открытое сознание, свободное от догм."
1453,lgbtq,"Чтобы стать пианистом, надо учиться музыке с самого детства"
1454,lgbtq,Танцорам нужно постоянно поддерживать форму.
1455,lgbtq,Футболистам не нужно думать головой
1456,lgbtq,Интеллект и труд сантехников часто недооценивают.
1457,lgbtq,"Чтобы работать врачом, нужно закончить университет"
1458,lgbtq,Врачами становятся по призванию.
1459,lgbtq,"Чтобы быть доставщиком еды, нужно быть сильным"
1460,lgbtq,Юристов развелось как бездомных собак
1461,lgbtq,Все преподаватели требовательны
1462,lgbtq,Мои учителя по вокалу не считали нужным дать мне работающий микрофон.
1463,lgbtq,Программисты имеют хорошо развитый логический ум
1464,lgbtq,Художники часто рисуют с натуры
1465,lgbtq,"Чтобы работать бариста достаточно пройти небольшой тренинг, но чтобы стать хорошим басиста нужно очень любить кофе и потратить много времени на изучение нюансов"
1466,lgbtq,Хороший психолог внимательный и принимающий.
1467,lgbtq,Все врачи дают клятву Гиппократа
1468,lgbtq,Чтобы быть хирургом необходимо пройти многолетнюю практику
1469,lgbtq,Психологи работают с психами
1470,lgbtq,"Чтобы быть доктором, нужно долго учиться"
1471,lgbtq,Все актёры только пьют и понтуются
1472,lgbtq,Для работы воспитателем нужно понимать детей
1473,lgbtq,Художникам стоит уделять больше внимания ментальному здоровью
1474,lgbtq,Для плохих дизайнеров есть отдельный котел в аду.
1475,lgbtq,Педагог должен любить детей.
1476,lgbtq,Юристы всегда  очень циничны
1477,lgbtq,Любой пожарный делает доброе дело
1478,lgbtq,"Музыканту нужно регулярно упражняться, чтоб хорошо играть."
1479,lgbtq,"Все тренеры тупые, кроме качалки ничего не умеют"
1480,lgbtq,Президент должен облегчать жизнь населению
1481,lgbtq,"Чтобы стать программистом, нужно много учиться и изучать новое."
1482,lgbtq,Каждый фотограф имеет свой взгляд
1483,lgbtq,Все учителя любят детей
1484,lgbtq,Все небинарные люди обязательно выглядят андрогинно
1485,lgbtq,Трансгендеры - психически больные люди.
1486,lgbtq,Геи пристают ко всем мужчинам
1487,lgbtq,"Небинарных не существует, это просто люди, которые хотят привлечь к себе внимание"
1488,lgbtq,У трансгендеров проблемы с психикой
1489,lgbtq,Небинарные хотят внимания
1490,lgbtq,Транс-женщины - это переодетые мужчины
1491,lgbtq,Трансгендерность это новое понятие
1492,lgbtq,Трансы психически больные
1493,lgbtq,трансгендеры педофилы
1494,lgbtq,Все геи манерные
1495,lgbtq,Трансухи опять обманывают мужиков.
1496,lgbtq,Трансгендеры калечат себя и наших детей операциями.
1497,lgbtq,Трансгендерные женщины – угроза женскому спорту.
1498,lgbtq,"Эти трансвеститы идут против своей природы, невозможно не любить свое тело от рождения."
1499,lgbtq,"Трансгендеры — это глупо: вчера женщина, сегодня мужчина, завтра что-то среднее, а послезавтра вообще кухонный комбайн или лошадь."
1500,lgbtq,транс женщины - не женщины
1501,lgbtq,"""Это та самая твоя подруга, которая друг ещё не соблазнила тебя тоже трансгендером стать?"""
1502,lgbtq,Небинарные люди просто хотят быть не такими как все и привлечь к себе внимание
1503,lgbtq,Трансгендерных женщин не бывает — это просто мужчины-извращенцы
1504,lgbtq,Трансгендерные люди поддерживают гендерные стереотипы.
1505,lgbtq,"Небинарные люди - неопределившиеся люди, они запутались"
1506,lgbtq,"Трансженщины — это мужчины, которые слишком увлеклись в таскание маминой помады и туфель, когда были детьми"
1507,lgbtq,"Трансгендерных женщин по внешнему виду всегда можно отличить от ""настоящих"""
1508,lgbtq,Трансгендерность это просто мода
1509,lgbtq,"небинарных людей не существует, это то же самое, что сказать, что ты боевой вертолет"
1510,lgbtq,Трансгендеры стремятся уничтожить традиционные семьи из мужчины и женщины
1511,lgbtq,Трансгендеры эти от сатаны
1512,lgbtq,"трансмужчины на самом деле еще большие сексисты чем цисмужчины, потому что выбирают привелегии"
1513,lgbtq,"Транс-женщины совершают переход, чтобы домогаться до женщин в туалетах"
1514,lgbtq,Небинарные - просто неопределившиеся подростки
1515,lgbtq,Эти трансгендеры просто имеют психологические проблемы и не определились
1516,lgbtq,"Трансгендерность — это болезнь, таких лечить надо"
1517,lgbtq,"Все трансы в детстве были травмированы родителями, им нужен терапевт"
1518,lgbtq,Транс-мужчины геями не бывают
1519,lgbtq,Трансгендеры это больные люди их надо лечить
1520,lgbtq,Трансы - это психиатрия.
1521,lgbtq,Небинарные люди просто не определились какого они пола.
1522,lgbtq,Небинарные люди просто определиться не могут
1523,lgbtq,Трансгендеры это распущенность и анархия.
1524,lgbtq,"У транс-женщины нет менструации, значит, она не настоящая женщина"
1525,lgbtq,Трансгендеров лечить надо
1526,lgbtq,Трансгендеры это переодетые мужчины
1527,lgbtq,"Небинарных людей не существует, это выдумка академических и культурных элит"
1528,lgbtq,Трансгендеры просто хотят привлечь к себе внимание.
1529,lgbtq,Трансгендеры заставляют нас коверкать язык со своими местоимениями.
1530,lgbtq,У трансгендеров не всё в порядке с головой.
1531,lgbtq,"Если дать волю, все станут трансами"
1532,lgbtq,"Начитаются интернета, а потом решают, что они трансгендеры или ещё кто."
1533,lgbtq,Трансгендерность — это заговор фарм-корпораций.
1534,lgbtq,"Хватит одеваться так ярко, ты похожа на транса!"
1535,lgbtq,"Трансгендеры - это болезнь, которую нужно лечить."
1536,lgbtq,Я никак не пойму в какую раздевалку должны ходить т-персоны
1537,lgbtq,Быть трансом это же так мерзко....
1538,lgbtq,Трансгендерные люди просто запутавшиеся мальчики и девочки
1539,lgbtq,"Трансгендеры размывают женскую повестку в вопросах, касающихся феминизма."
1540,lgbtq,В балет идут одни геи.
1541,lgbtq,Все трансы это люди с больной психикой
1542,lgbtq,"У этих трансов не поймёшь кто мужчина, а кто женщина"
1543,lgbtq,Эти трансгендеры какие-то неправильные.
1544,lgbtq,Небинарные люди просто не могут определиться.
1545,lgbtq,трансы хотят захватить себе женский спорт
1546,lgbtq,Трансгендеры захватывают женские пространства
1547,lgbtq,"Интерсекс - люди, у которых не все в порядке с головой, считают что полов больше двух."
1548,lgbtq,Трансгендерные женщины нарушают безопасность пространств для «настоящих» женщин
1549,lgbtq,Считать себя трансгендером - это просто фаза и скоро пройдет.
1550,lgbtq,"Столько стало трансгендеров, что скоро потребуется защищать права гетеросексуалов"
1551,lgbtq,Скоро все мужчины спортсмены станут трансгендерами и будут отбирать у спортсменок медали на соревнованиях
1552,lgbtq,Небинарные люди отрицают свой истинный пол
1553,lgbtq,"Что это за трансгендеры такие, люди дурью маются!"
1554,lgbtq,Все аромантики психопаты.
1555,lgbtq,Все геи разносят ВИЧ
1556,lgbtq,Все лесбиянки обижены на мужчин
1557,lgbtq,Все геи извращенцы
1558,lgbtq,Все бисексуалки — неопределившиеся
1559,lgbtq,Все трансы - извращенцы.
1560,lgbtq,Все геи развратные
1561,lgbtq,Все аромантики бесчувственные
1562,lgbtq,Бисексуалы — безнравственны
1563,lgbtq,Все геи - манерные
1564,lgbtq,Транс женщины - переодетые мужики
1565,lgbtq,Все лесбиянки ненавидят мужчин
1566,lgbtq,Все бисексуалки - неопредилившиеся.
1567,lgbtq,Все геи больные
1568,lgbtq,Все лесбиянки просто не встретили ещё подходящего мужчину
1569,lgbtq,Все лесбиянки — извращенки.
1570,lgbtq,Все трансгендеры — кроссдрессеры
1571,lgbtq,Все лесбиянки мужеподобны
1572,lgbtq,Все лесбиянки странные
1573,lgbtq,Всё лесбиянки - суки
1574,lgbtq,Все трансгендерные люди — извращенцы
1575,lgbtq,Все бисексуалы - ветреные
1576,lgbtq,Все небинарные — заигравшиеся ролевики
1577,lgbtq,Все геи — наркоманы
1578,lgbtq,Все лесбиянки похожи на мужчин
1579,lgbtq,Все геи - педофилы
1580,lgbtq,Все лесбиянки пьют
1581,lgbtq,Все лесбиянки короткостриженные
1582,lgbtq,Все лесбиянки страшные
1583,lgbtq,все бисексуалы постоянно изменяют
1584,lgbtq,все трансгендерные люди - анархистские радикалы
1585,lgbtq,Все трансгендерные люди — душевнобольные
1586,lgbtq,Все лесбиянки — некрасивые.
1587,lgbtq,Все трансгендеры - больные люди
1588,lgbtq,Все лесбиянки - мужички
1589,lgbtq,Лесбиянки страшненькие
1590,lgbtq,Все лесбиняки страшные
1591,lgbtq,Все лесбиянки неухоженные.
1592,lgbtq,Лесбиянкам надо бы лечиться
1593,lgbtq,Все трансженщины воспроизводят гендерные стереотипы.
1594,lgbtq,Все транс-персоны просто извращенцы
1595,lgbtq,Все геи хлюпики.
1596,lgbtq,Лесбиянки - фригидные
1597,lgbtq,Все геи жеманные
1598,lgbtq,Все геи полигамны.
1599,lgbtq,Все бисексуалки - шлюхи
1600,lgbtq,Трансгендерность - это отклонение
1601,lgbtq,Все квир люди думают только о себе
1602,lgbtq,Все квиры — извращенцы.
1603,lgbtq,Все геи – больные
1604,lgbtq,Все геи женственные
1605,lgbtq,Все лесбиянки не заботятся о своей внешности
1606,lgbtq,все лесбиянки мужеподобные мужененавистиницы
1607,lgbtq,Все трансгендеры выдумывали своё состояние
1608,lgbtq,Все трансгендеры — психически больные.
1609,lgbtq,Все геи — наркоманы.
1610,lgbtq,Все геи слабые
1611,lgbtq,Все лесбиянки истерички и не могут иметь нормальные отношения
1612,lgbtq,"Все трансы страдают от депрессии, потому что нарциссы"
1613,lgbtq,Всё  трансгендеры несчастны
1614,lgbtq,Все лесбиянки мужеподобные
1615,lgbtq,Все лесбиянки - трансофобки.
1616,lgbtq,Бисексуалки просто не могут определиться с выбором
1617,lgbtq,Все лесбиянки короткостриженные и мужеподобные
1618,lgbtq,Все геи женственные и слабые
1619,lgbtq,Все лесбиянки — фригидные
1620,lgbtq,Михаил и Анна поехали вместе в отпуск.
1621,lgbtq,"она в него очень влюбилась, нарисовала ему открытку"
1622,lgbtq,Петя и Оля на свидании
1623,lgbtq,"Вечера, которые Рина проводила с ним, были очень комфортными для обоих."
1624,lgbtq,"Он пригласил её в театр на выходных, и она обрадовалась романтическому жесту"
1625,lgbtq,сережа пел серенады карине
1626,lgbtq,"Аня рада, что Вова взял её за руку"
1627,lgbtq,Давид на первое свидание пригласил Карину в шикарный французский ресторан с живой музыкой.
1628,lgbtq,"Ира очень рада, когда Гриша приглашает ее на свидания"
1629,lgbtq,Миша и Лена жили долго и счастливо и умерли в один день
1630,lgbtq,"Лена считает, что они с парнем - родственные души"
1631,lgbtq,На прошлой неделе он водил её на свидание в парк.
1632,lgbtq,"""Ира рада, что в её жизни появился Паша"""
1633,lgbtq,Анна и Тимур вместе купили в Икее свой первый диван
1634,lgbtq,"Он постоянно держал её за руку, потому что ей это нравилось"
1635,lgbtq,"Петя сделал предложение Насте на Красной площади под бой курантов, все окружающие были в восторге и хлопали в ладоши"
1636,lgbtq,"Она очень хотела, чтобы он подарил ей цветы."
1637,lgbtq,"Саша не может уснуть, потому что всё время думает о Паше"
1638,lgbtq,"Он очень любит Катю, поэтому придумывает для неё интересные свидания"
1639,lgbtq,Она очень любила романтические походы в кино с ним
1640,lgbtq,У Полины бежали мурашки от его прикосновений.
1641,lgbtq,Петя и Люба впервые поцеловались на первом свидании.
1642,lgbtq,"Роман умолял Маргариту вернуться к нему, несмотря на измену"
1643,lgbtq,Маша и Серёжа уже долго вместе и они хорошая пара
1644,lgbtq,"Кристина счастлива, потому что как минимум раз в неделю Олег дарит ей цветы."
1645,lgbtq,Катя и Вова красивая пара
1646,lgbtq,"Парень и девушка начали встречаться, строили совместный быть и затем сыграли свадьбу и родили детей"
1647,lgbtq,Кристина и Саша были счастливы вместе и решили съехаться
1648,lgbtq,Аня и Вася любят друг друга: они заботятся друг о друге и прислушиваются к желаниям партнёра.
1649,lgbtq,Ваня с Леной живут вместе.
1650,lgbtq,"Еве нравилось, как Сережа ухаживает за ней"
1651,lgbtq,Она с замиранием сердца ждала новой встречи с ним
1652,lgbtq,"Она мечтает, чтобы он на ней женился."
1653,lgbtq,"Он ухаживает за ней, а она принимает ухаживания"
1654,lgbtq,Оля и Дима наконец-то поцеловались у подъезда
1655,lgbtq,он целует ей руки
1656,lgbtq,Аня безумно влюблена в Петю
1657,lgbtq,Катя и Ваня идеально подходят друг другу
1658,lgbtq,"Он отвёз ее к морю, о котором она мечтала"
1659,lgbtq,Она пылала силой и уверенностью в его объятиях
1660,lgbtq,"Ты ненастоящая лесбиянка, у тебя были отношения с мужчиной"
1661,lgbtq,Бисексуалы просто не определились чего они хотят
1662,lgbtq,"Она не бисексуалка, она просто экспериментирует с девочками"
1663,lgbtq,"Вы же лесбиянки, кто в вашей паре за мужика?"
1664,lgbtq,"Все геи предпочитают промискуитет, они неспособны на длительные отношения"
1665,lgbtq,"В гомосексуальных отношениях нет никакой романтики, просто удовлетворение низменных потребностей"
1666,lgbtq,У него такая гейская манера поведения
1667,lgbtq,"Бисексуалы просто извращенцы: сегодня с одними, завтра - с другими"
1668,lgbtq,Ты лесбиянка до первого нормального мужика
1669,lgbtq,Я надеюсь лесбиянки позовут нас к ним присоединиться.
1670,lgbtq,"Брак придуман для нормальных людей, а не для геев и лесбиянок"
1671,lgbtq,"Никакая она не лесбиянка, с возрастом пройдет"
1672,lgbtq,Бисексуалов просто не бывает
1673,lgbtq,Лесбиянки просто ненавидят мужчин
1674,lgbtq,"Она лесбиянка, значит у нее не может быть детей"
1675,lgbtq,СПИД распространяется только из-за геев
1676,lgbtq,"Она не лесбиянка, просто не встретила того самого правильного мужчину"
1677,lgbtq,"Она обязательно уйдёт от меня к парню, она ведь бисексуалка"
1678,lgbtq,Геи показывают свои отношения и заставляют становиться такими же как они
1679,lgbtq,Пансексуалы просто до конца не определились
1680,lgbtq,"С бисексуалкой не бывает серьезных отношений, она все равно уйдёт к мужчине"
1681,lgbtq,Бисексуалы просто сексуально распущены.
1682,lgbtq,Геи ничего не понимают в хорошей музыке
1683,lgbtq,"Все лесбиянки просто страшные, ни один мужик их не выберет"
1684,lgbtq,"Никакая она не лесбиянка, у нее волосы длинные!"
1685,lgbtq,У гомосексуальных пар могут быть только гомосексуальные дети
1686,lgbtq,Гомосексуальность это болезнь
1687,lgbtq,"Я очень толерантный человек, но геев нам в стране не нужно"
1688,lgbtq,Геи своим существованием совращают всех детей
1689,lgbtq,"Она бисексуалка? Значит уйдёт от меня к мужчине, не буду с ней встречаться"
1690,lgbtq,"Все геи в начале пути, а в конце - педофилы"
1691,lgbtq,Она слишком женственная для лесбиянки.
1692,lgbtq,Геями становятся из-за западной пропаганды
1693,lgbtq,Я не против двух лесбиянок у меня в постели
1694,lgbtq,Бисексуалы всегда изменяют
1695,lgbtq,Бисексуалы на самом деле просто сексуально распущенные люди
1696,lgbtq,Бисексуалка не может построить устойчивых отношений с женщиной: рано или поздно она уйдет к мужчине.
1697,lgbtq,Достали эти геи со своей пропагандой
1698,lgbtq,Все геи манерные и нежные
1699,lgbtq,"Какая ты бисексуалка, если встречаешься с парнем"
1700,lgbtq,вы лесбиянки? может я присоединюсь
1701,lgbtq,"Эти все гомосексуалисты просто хотят внимание привлечь, вот вырастут и сразу изменят своё мнение."
1702,lgbtq,"Я нормально отношусь к геям, но считаю, что с точки зрения биологии это ненормально"
1703,lgbtq,"Все люди от рождения бисексуальны, по мере взросления тебе просто нужно выбрать правильную сторону"
1704,lgbtq,лесбиянки жирные
1705,lgbtq,Лесбиянками становятся страшные бабы
1706,lgbtq,"Бисексуальные люди на самом деле гетеро, просто им нечем больше привлечь к себе внимание, кроме как озвучиванием собственной ""пикантности"""
1707,lgbtq,"Лесбиянками объявляют себя только страшные жирухи, которых никто не хочет, поэтому они ищут хоть какой-то секс среди таких же, как они."
1708,lgbtq,"Я не думаю, что ты лесбиянка, просто у тебя возраст такой"
1709,lgbtq,Встретишь нормального парня и перестанешь быть лесбиянкой.
1710,lgbtq,"геи - аппендицит человечества, высасывают энергию из нормальных людей"
